type,size,locality,price
5+1,198,Praha 6,65000
2+kt,123,Praha 4,39800
4+1,133,Praha 2,25000
2+kt,54,Praha 2,23000
2+kt,50,Praha 3,15000
2+kt,50,Praha 2,20000
3+1,100,Praha 2,27000
3+1,131,Praha 2,25000
3+kt,80,Praha 1,20000
1+kt,30,Praha 1,10500
4+1,200,Praha 2,50000
2+1,50,Praha 8,15000
2+kt,62,Praha 1,15000
2+kt,40,Praha,13900
4+kt,134,Praha 3,89800
3+kt,115,Praha 8,39000
2+kt,43,Praha 9,13000
1+kt,28,Praha 3,12000
2+kt,44,Praha 1,16000
2+kt,59,Praha 7,18000
2+1,62,Praha 9,13500
5+1,174,Praha 1,67000
4+kt,200,Praha 3,119000
2+kt,40,Praha 3,11400
3+kt,107,Praha 2,55000
2+kt,52,Praha 8,15000
2+kt,60,Praha 9,15500
4+kt,200,Praha 3,55000
1+kt,38,Praha 9,12000
3+kt,78,Praha 7,32000
2+kt,45,Praha,17900
3+1,93,Praha,20000
2+kt,65,Praha 7,20000
unusual,26,Praha 4,12000
2+1,55,Praha 6,14900
2+1,89,Praha 6,18000
2+kt,52,Praha 1,14000
1+kt,28,Praha 4,11000
3+kt,116,Praha 3,55808
2+kt,52,Praha 4,16000
3+1,107,Praha 2,38000
3+1,87,Praha 2,30000
2+kt,54,Praha 6,16500
3+1,94,Praha 5,42000
,200,Praha 5,75000
4+1,165,Praha 1,92000
4+kt,203,Praha 1,90000
5+kt,197,Praha 1,100000
2+kt,50,Praha,17000
3+1,115,Praha 1,42000
5+kt,293,Praha 6,69000
4+kt,160,Praha 2,55000
2+1,48,Praha 3,16000
2+1,90,Praha 1,26000
2+kt,55,Praha 1,22000
4+kt,110,Praha 6,36000
3+kt,93,Praha 3,44954
2+kt,89,Praha 3,39952
3+kt,110,Praha 1,72600
3+kt,70,Praha 6,22500
3+kt,107,Praha 2,55000
2+kt,65,Praha,21000
2+kt,45,Praha 2,11500
1+kt,43,Praha 2,28000
4+1,120,Praha 7,38280
3+kt,81,Praha 1,25500
2+kt,55,Praha,18000
2+kt,73,Praha 7,28000
2+kt,50,Praha 5,35000
2+kt,71,Praha 7,28000
3+1,186,Praha 1,51000
3+1,63,Praha 6,21000
5+kt,160,Praha 9,48000
2+kt,50,Praha 5,35000
2+kt,55,Praha 9,18600
3+kt,85,Praha 7,24000
3+kt,85,Praha 7,24000
2+1,105,Praha 5,25000
1+kt,18,Praha 1,8000
2+kt,57,Praha 6,18000
2+1,75,Praha 2,24000
3+kt,99,Praha 5,33000
3+1,120,Praha 2,38000
2+kt,71,Praha 5,24000
unusual,219,Praha 1,99000
4+kt,101,Praha 5,30000
,160,Praha 5,41000
4+kt,166,Praha 3,119800
4+kt,135,Praha 3,89891
3+kt,129,Praha 4,
3+kt,138,Praha 4,130000
3+kt,140,Praha 1,75000
2+kt,73,Praha 2,27000
2+kt,89,Praha 3,39952
2+kt,66,Praha 2,23260
5+1,198,Praha 6,65000
3+kt,93,Praha 3,44708
1+kt,43,Praha 4,12900
,208,Praha 2,79900
3+1,115,Praha 1,52000
4+kt,181,Praha 5,75000
3+kt,127,Praha 2,44900
5+1,193,Praha 5,110000
1+kt,48,Praha 1,23000
2+1,87,Praha 2,25000
2+1,80,Praha 1,54000
3+kt,94,Praha 2,35900
3+kt,110,Praha 2,39490
2+kt,53,Praha 5,22000
3+kt,81,Praha 5,30450
3+kt,105,Praha 1,55000
2+kt,54,Praha 5,17500
5+1,206,Praha 2,75000
3+kt,69,Praha 5,25000
4+kt,128,Praha 2,49900
4+kt,168,Praha 2,59000
3+kt,88,Praha 5,31850
5+kt,250,Praha 7,85000
2+kt,55,Praha 5,22900
4+kt,130,Praha 2,49900
1+kt,33,Praha 4,12000
4+1,110,Praha 6,36000
2+kt,50,Praha 1,22000
2+kt,62,Praha 1,28000
2+1,90,Praha 1,26000
3+1,112,Praha 1,42000
5+1,198,Praha 6,65000
5+1,197,Praha 1,100000
4+1,203,Praha 1,90000
2+1,71,Praha 5,26000
4+kt,140,Praha 1,58000
4+kt,155,Praha 5,45000
2+kt,82,Praha 1,52000
3+kt,95,Praha 4,45000
3+1,70,Praha 4,24000
4+1,165,Praha 1,92000
5+kt,172,Praha 1,59000
3+kt,76,Praha 5,24000
4+kt,118,Praha 5,34000
1+1,48,Praha 5,16000
,203,Praha 5,75000
2+kt,47,Praha 6,13500
1+kt,40,Praha 7,12500
3+1,110,Praha 1,54500
4+kt,185,Praha 5,59000
5+1,240,Praha 6,69500
2+kt,52,Praha 6,16200
,214,Praha 3,50000
3+kt,77,Praha 4,24000
1+kt,32,Praha 4,13000
3+1,110,Praha 1,48000
3+kt,110,Praha 6,36000
3+kt,90,Praha 1,26000
4+kt,133,Praha 4,24000
,200,Praha 5,79900
3+1,87,Praha 2,30000
3+1,94,Praha 5,42000
3+kt,84,Praha 5,25500
3+kt,73,Praha 5,23500
1+1,50,Praha 5,17500
2+kt,55,Praha 2,26000
,280,Praha 2,79000
3+1,108,Praha 2,38000
3+kt,116,Praha 3,55277
2+kt,40,Praha 1,13000
1+kt,33,Praha 7,10500
1+kt,48,Praha 1,15000
3+kt,104,Praha 1,28000
3+kt,85,Praha 4,55000
4+kt,186,Praha 3,43000
1+kt,28,Praha,12900
1+kt,33,Praha 5,13000
3+kt,69,Praha,41000
2+kt,43,Praha 4,8500
2+kt,47,Praha,14050
2+kt,64,Praha 2,36400
2+kt,44,Praha 1,20000
3+1,105,Praha,53000
2+1,80,Praha 1,44000
3+kt,103,Praha,52000
5+1,192,Praha 1,150000
3+1,106,Praha 2,26000
1+kt,40,Praha 9,10000
1+kt,37,Praha 1,11500
2+kt,60,Praha 2,17000
3+kt,70,Praha 5,20000
3+1,106,Praha 7,25000
5+1,183,Praha 2,120000
2+1,58,Praha 1,18000
2+kt,45,Praha 2,15500
1+1,33,Praha 3,16500
1+kt,30,Praha,7500
1+kt,48,Praha 3,14118
2+1,97,Praha 5,21000
2+kt,59,Praha 7,21900
2+kt,58,Praha 5,24900
2+kt,46,Praha 1,15500
3+kt,63,Praha 8,18000
2+kt,52,Praha 1,14000
1+kt,30,Praha 1,10500
3+1,111,Praha,54000
2+kt,48,Praha 3,15000
2+kt,52,Praha 3,15000
2+kt,49,Praha 5,14000
3+1,84,Praha 4,21999
2+kt,48,Praha 1,13999
2+kt,45,Praha 5,17900
1+kt,25,Praha 5,13900
2+1,50,Praha 6,13000
2+kt,52,Praha,15500
3+kt,106,Praha 6,34000
2+kt,127,Praha 1,15000
1+1,65,Praha 6,15000
unusual,110,Praha 1,54000
unusual,50,Praha 1,25000
2+kt,55,Praha 5,16000
unusual,80,Praha 1,25800
4+1,132,Praha 1,40000
5+1,183,Praha 2,100000
2+kt,52,Praha,25000
2+kt,42,Praha,24000
2+kt,49,Praha 7,32000
3+kt,89,Praha 7,35000
unusual,203,Praha 6,65000
1+kt,31,Praha 6,13000
3+kt,112,Praha 4,22000
5+kt,220,Praha 6,40000
2+kt,50,Praha,17500
5+kt,172,Praha 1,59000
2+kt,56,Praha 1,17500
2+kt,64,Praha,17000
1+1,45,Praha 3,15000
2+kt,58,Praha,18500
2+kt,52,Praha 8,21000
3+1,110,Praha 1,40000
3+kt,100,Praha 6,40000
3+kt,140,Praha 1,73000
3+kt,80,Praha 3,30000
2+kt,53,Praha 1,15900
2+kt,56,Praha 9,20000
3+kt,74,Praha 4,16500
2+1,50,Praha 1,17360
2+kt,34,Praha,16000
3+kt,67,Praha 4,17000
2+kt,35,Praha 2,17000
3+kt,106,Praha 6,34000
,280,Praha 2,65000
1+kt,27,Praha 5,11499
1+kt,42,Praha 4,19900
2+1,64,Praha 1,23000
1+kt,36,Praha 4,9000
2+kt,53,Praha 1,24500
1+1,40,Praha 2,21000
3+kt,107,Praha 2,55000
2+kt,52,Praha 9,16500
4+kt,84,Praha 5,21000
2+1,85,Praha 7,21000
4+1,132,Praha 7,38280
2+kt,51,Praha 3,16500
2+kt,55,Praha 9,13000
2+kt,53,Praha 3,14990
2+kt,40,Praha 1,25000
2+kt,50,Praha 2,26000
3+kt,117,Praha 8,37000
2+kt,56,Praha 3,17500
3+1,144,Praha 2,58000
2+kt,42,Praha 1,16000
5+kt,250,Praha 6,40000
2+1,41,Praha 1,14500
4+1,153,Praha 6,62000
2+1,73,Praha 8,25000
3+kt,76,Praha 5,24500
2+kt,62,Praha 3,24700
2+kt,50,Praha 8,23500
1+kt,41,Praha 5,19000
4+kt,182,Praha 4,
3+1,103,Praha 8,21500
3+kt,121,Praha 5,48000
2+1,127,Praha 1,50000
3+kt,90,Praha 6,25000
3+kt,76,Praha,26000
2+kt,82,Praha 4,60000
4+1,100,Praha 5,29000
2+kt,45,Praha 5,17900
3+1,73,Praha 1,36400
3+kt,66,Praha,27000
unusual,140,Praha 5,27000
1+kt,44,Praha 2,18000
2+kt,34,Praha 2,22000
2+1,106,Praha 2,33000
2+kt,50,Praha 2,26210
2+kt,70,Praha,20000
2+1,87,Praha 2,25000
2+kt,56,Praha 3,17500
5+kt,139,Praha 6,35000
3+kt,111,Praha,28000
2+kt,57,Praha 8,21500
,237,Praha 5,70000
4+kt,105,Praha 3,26500
3+1,81,Praha 2,30000
1+kt,24,Praha 5,10500
1+kt,40,Praha,10000
2+kt,57,Praha 8,24000
2+kt,64,Praha 5,24000
1+kt,23,Praha 5,11000
2+1,45,Praha 4,18800
3+1,81,Praha 2,30000
3+kt,79,Praha 5,19000
1+1,36,Praha 4,13000
4+kt,140,Praha 9,27000
1+kt,29,Praha 1,13900
2+kt,64,Praha 5,16000
1+1,39,Praha 9,10600
3+kt,63,Praha 9,18000
2+kt,56,Praha 4,15500
2+kt,50,Praha 2,21500
2+kt,51,Praha 6,14000
2+kt,51,Praha 5,20500
2+kt,89,Praha 9,21000
3+kt,72,Praha 9,18500
2+kt,50,Praha 9,15000
2+kt,45,Praha 5,14000
2+kt,47,Praha 5,13500
unusual,102,Praha 5,35000
2+kt,58,Praha 2,27000
flatshare,20,Praha 5,10000
2+kt,61,Praha 3,20000
3+kt,96,Praha,19000
2+1,87,Praha 2,25000
2+kt,50,Praha 9,15000
2+kt,45,Praha 8,12500
3+kt,72,Praha 5,19000
3+1,76,Praha 3,23000
1+kt,38,Praha 1,12000
2+kt,45,Praha 5,17900
2+kt,62,Praha 9,17000
3+kt,106,Praha 6,34000
2+kt,51,Praha 5,18000
2+kt,45,Praha 1,15000
,240,Praha 5,70000
3+kt,78,Praha 4,20806
2+kt,56,Praha 3,17500
3+kt,87,Praha 2,25000
2+kt,80,Praha 8,21500
4+kt,90,Praha 8,25000
2+1,55,Praha 2,26000
2+kt,63,Praha 8,19900
1+kt,44,Praha 2,18000
2+1,70,Praha 7,16500
2+kt,60,Praha 3,59776
2+kt,45,Praha 5,17900
1+kt,41,Praha 9,14000
3+kt,73,Praha 1,36400
3+kt,99,Praha 5,30000
3+kt,98,Praha 3,45151
3+kt,114,Praha 1,28000
3+kt,114,Praha 2,28000
4+1,200,Praha 2,105000
2+kt,46,Praha 9,13500
5+kt,170,Praha 6,48990
2+kt,55,Praha 5,35000
1+kt,40,Praha 5,16000
3+kt,104,Praha 6,39000
1+kt,45,Praha 4,15000
1+kt,25,Praha 5,27500
2+kt,50,Praha 5,32000
2+kt,56,Praha 3,17500
1+kt,44,Praha 7,16000
1+kt,30,Praha 5,27500
2+kt,50,Praha 5,35000
2+kt,66,Praha 1,35000
3+kt,85,Praha 8,36000
3+kt,69,Praha 1,31000
3+kt,93,Praha 4,35000
2+kt,52,Praha 1,23000
3+kt,85,Praha 8,37000
2+kt,66,Praha 2,27000
3+kt,85,Praha 8,38000
4+kt,103,Praha 3,
3+kt,56,Praha 2,42000
2+kt,65,Praha 1,27000
2+kt,86,Praha 2,44700
1+kt,35,Praha 2,23200
4+kt,144,Praha 5,50000
1+1,45,Praha 2,21000
1+kt,43,Praha 3,12500
4+kt,135,Praha 3,92800
3+kt,154,Praha 3,59800
2+kt,40,Praha 2,18000
2+kt,55,Praha 1,18000
3+kt,70,Praha 1,17000
2+kt,64,Praha 2,22900
1+kt,20,Praha 1,9000
3+kt,101,Praha 3,33000
1+kt,40,Praha 5,13000
3+kt,90,Praha 5,24000
2+kt,40,Praha 8,14000
2+kt,123,Praha 7,23000
2+kt,60,Praha 3,60279
3+kt,73,Praha 6,21000
2+1,70,Praha 7,22900
3+kt,104,Praha 5,32000
1+1,38,Praha,12000
3+1,66,Praha 4,23000
3+kt,74,Praha,15000
1+kt,43,Praha 1,11500
1+kt,37,Praha 4,11500
4+kt,149,Praha 4,30000
2+kt,55,Praha 2,24000
2+kt,48,Praha 1,14000
2+kt,52,Praha 4,16000
1+kt,17,Praha 5,13000
2+kt,72,Praha 5,23000
flatshare,22,Praha 1,5600
1+kt,27,Praha 4,9800
3+kt,125,Praha 2,39000
3+kt,93,Praha 3,59750
5+1,225,Praha 1,55000
4+1,200,Praha 1,90000
1+kt,41,Praha 8,11600
2+kt,50,Praha 2,21500
3+1,110,Praha 1,50000
2+1,53,Praha,17000
4+kt,110,Praha 2,60000
3+kt,110,Praha 7,41000
3+kt,93,Praha 7,41000
2+kt,50,Praha 1,22500
3+kt,140,Praha 8,28000
2+kt,64,Praha 5,19000
4+kt,144,Praha 1,58000
2+1,62,Praha 6,24000
2+1,56,Praha 6,15000
1+kt,20,Praha 8,8000
2+1,80,Praha 6,24500
4+kt,157,Praha 2,60000
5+kt,142,Praha 7,50000
1+kt,26,Praha 2,9000
1+kt,46,Praha,16000
3+1,82,Praha 2,27000
3+kt,94,Praha 4,19990
3+kt,78,Praha 1,25800
4+1,181,Praha 5,54000
3+kt,73,Praha 6,21000
2+kt,73,Praha 8,32000
5+1,200,Praha 7,60000
3+kt,74,Praha 6,19800
2+kt,62,Praha,17800
2+kt,50,Praha 9,13500
3+1,110,Praha 1,60000
4+1,200,Praha 1,90000
2+1,90,Praha 1,26000
4+kt,126,Praha 2,71000
3+1,110,Praha 1,35000
2+kt,96,Praha 6,23000
4+kt,126,Praha 2,71000
4+1,198,Praha 6,65000
3+kt,95,Praha 3,60253
5+1,225,Praha 1,55000
2+kt,48,Praha 1,12900
5+1,139,Praha 8,48000
3+kt,90,Praha 5,32000
1+kt,33,Praha,13900
3+kt,106,Praha 6,34000
1+kt,33,Praha 9,13000
2+kt,53,Praha 9,13300
2+kt,70,Praha 3,23000
2+1,45,Praha 1,21000
2+kt,71,Praha 5,28000
3+1,125,Praha 2,39000
2+kt,52,Praha 3,22500
3+kt,80,Praha,26000
2+kt,90,Praha 3,39952
2+1,52,Praha 9,10000
3+kt,57,Praha 1,14990
2+kt,65,Praha 2,28000
2+kt,54,Praha 7,17000
3+kt,82,Praha 8,25000
2+kt,65,Praha 4,25000
2+kt,58,Praha 1,18500
2+kt,46,Praha 5,14000
4+kt,120,Praha 4,31000
1+kt,50,Praha 7,17900
3+kt,84,Praha 6,22000
5+1,174,Praha 1,67000
3+kt,64,Praha 4,17000
2+kt,49,Praha 1,14000
4+kt,107,Praha 8,27000
3+1,103,Praha 1,52000
4+kt,91,Praha 5,30000
1+kt,31,Praha 5,17000
2+kt,68,Praha 5,18000
2+kt,54,Praha 9,18000
2+kt,90,Praha 3,39800
2+kt,55,Praha 9,20000
1+kt,20,Praha,9500
1+kt,31,Praha 3,13000
3+kt,77,Praha 5,16800
1+kt,44,Praha 2,18000
3+1,112,Praha 1,42000
3+1,87,Praha 2,30000
3+1,104,Praha 1,52000
3+kt,78,Praha 2,30000
1+kt,25,Praha 1,11000
3+1,144,Praha 2,58000
,214,Praha 3,50000
3+kt,149,Praha 6,45000
2+kt,50,Praha 2,26000
1+1,40,Praha 2,21000
2+kt,70,Praha 1,16000
2+1,48,Praha 1,15000
3+kt,85,Praha 3,27500
3+kt,65,Praha 9,13000
2+kt,57,Praha 6,25000
2+kt,48,Praha 5,13500
2+kt,70,Praha 5,11500
3+1,80,Praha 6,22000
2+1,82,Praha 6,19000
2+kt,50,Praha 1,16500
2+kt,54,Praha 6,16500
2+1,70,Praha 6,18000
2+1,42,Praha 2,16000
1+1,30,Praha 8,13000
2+kt,47,Praha 2,17000
2+1,44,Praha 5,28200
3+kt,68,Praha 5,17900
1+kt,30,Praha 5,25000
3+1,126,Praha 1,38000
3+1,160,Praha 3,30000
3+1,126,Praha 1,29000
2+kt,48,Praha 8,20000
unusual,233,Praha 1,85000
2+kt,45,Praha 2,15000
3+kt,79,Praha 2,27400
3+kt,60,Praha 2,29900
2+kt,53,Praha 4,15000
3+kt,78,Praha 2,27400
2+kt,40,Praha 2,21000
2+kt,53,Praha 8,22000
2+kt,45,Praha 1,20000
4+1,160,Praha 1,54999
2+1,55,Praha 2,26000
3+1,144,Praha 2,57000
2+kt,64,Praha 3,22000
2+kt,45,Praha 5,17000
3+kt,85,Praha 3,32000
unusual,97,Praha 2,17700
4+kt,159,Praha 1,42000
2+kt,106,Praha 1,34000
3+kt,80,Praha 6,20000
2+kt,45,Praha 6,13000
1+kt,36,Praha 9,12000
2+1,55,Praha 9,15000
1+kt,33,Praha 8,11500
2+kt,69,Praha 4,18500
3+kt,102,Praha 2,34000
2+1,65,Praha 2,24000
3+kt,90,Praha 9,24000
2+kt,40,Praha 9,13000
2+1,86,Praha 9,24000
2+kt,104,Praha 5,43000
3+kt,95,Praha 1,39000
2+kt,71,Praha 7,27500
2+kt,48,Praha 2,18000
2+kt,55,Praha 2,34700
1+kt,60,Praha 6,19000
2+1,80,Praha 1,54000
4+kt,139,Praha 3,119800
5+1,130,Praha,41000
2+kt,120,Praha 1,42000
1+kt,51,Praha 5,
3+kt,140,Praha 1,43500
3+kt,70,Praha,22500
3+kt,69,Praha 1,19500
2+1,69,Praha 2,17000
1+kt,34,Praha 9,13500
3+kt,68,Praha 1,19500
2+1,60,Praha 6,17500
3+kt,74,Praha 1,19500
2+kt,60,Praha 4,21000
5+kt,190,Praha 8,40000
2+kt,55,Praha 5,16500
2+kt,57,Praha 1,16000
3+kt,71,Praha 7,17500
1+kt,18,Praha 9,9500
3+kt,84,Praha,30000
1+kt,33,Praha 8,13000
3+kt,74,Praha 9,19000
2+1,71,Praha 8,15000
,214,Praha 3,50000
1+1,34,Praha 8,11500
2+kt,47,Praha 5,14000
4+kt,173,Praha 3,139800
2+kt,50,Praha 2,21900
2+kt,51,Praha 3,18500
2+kt,67,Praha 3,19000
3+1,68,Praha 4,16000
3+kt,100,Praha 5,45000
1+kt,34,Praha 4,16000
2+kt,50,Praha 1,15000
2+kt,50,Praha 3,14000
,200,Praha 5,79900
3+kt,78,Praha 3,25000
1+kt,44,Praha 4,12998
1+kt,36,Praha 8,11000
2+kt,63,Praha 9,13990
2+kt,56,Praha 8,23000
,209,Praha 5,79900
2+1,97,Praha 5,21000
1+1,40,Praha 2,21000
3+kt,87,Praha 2,30000
2+kt,51,Praha 9,14000
3+kt,77,Praha 9,20500
2+1,83,Praha 1,32000
2+kt,51,Praha 9,15990
unusual,151,Praha 2,32000
2+kt,65,Praha,28000
1+kt,27,Praha 4,11000
1+kt,37,Praha 4,11500
3+kt,88,Praha 5,20500
4+kt,142,Praha,30000
3+kt,98,Praha 9,30000
1+kt,25,Praha 6,8700
2+kt,40,Praha 8,15000
4+1,88,Praha 6,25000
3+kt,72,Praha 6,28000
1+kt,43,Praha 8,16000
1+1,39,Praha 4,14000
2+kt,45,Praha 5,17900
2+kt,56,Praha 1,15000
2+kt,54,Praha 1,16000
2+kt,82,Praha 1,37000
2+kt,47,Praha 6,12500
2+kt,52,Praha 4,14000
2+kt,42,Praha,12000
2+kt,45,Praha 5,17900
2+kt,45,Praha,17700
2+1,80,Praha 4,24000
2+kt,111,Praha 1,20000
3+1,84,Praha 3,25000
1+kt,41,Praha,12000
2+kt,45,Praha 2,15000
,204,Praha 1,60000
4+kt,166,Praha 3,119800
4+1,190,Praha 6,69000
2+kt,41,Praha 6,14900
2+kt,50,Praha 9,13800
3+kt,116,Praha 3,26000
3+kt,95,Praha 7,25000
1+kt,40,Praha 6,10990
2+kt,50,Praha 2,15800
2+kt,55,Praha 1,18700
1+kt,13,Praha 5,12700
2+kt,60,Praha 1,14000
1+kt,35,Praha 1,14000
1+kt,38,Praha 1,13000
1+kt,52,Praha 6,12900
2+1,61,Praha 5,20000
4+kt,159,Praha 1,42000
1+kt,24,Praha 3,16000
1+kt,44,Praha,13000
5+1,198,Praha,65000
3+kt,71,Praha 5,22000
4+kt,123,Praha 1,54000
1+kt,47,Praha 1,25000
4+kt,123,Praha 1,55000
4+kt,125,Praha 1,56000
2+kt,68,Praha 8,27000
4+kt,121,Praha 1,53000
3+kt,92,Praha 1,28000
5+kt,170,Praha 1,70000
4+kt,120,Praha 1,53000
4+kt,120,Praha 1,60000
2+1,80,Praha 4,25000
5+kt,320,Praha 6,85000
2+1,91,Praha 8,35000
1+kt,60,Praha 9,19000
,450,Praha 6,155000
2+kt,62,Praha 8,26000
2+kt,75,Praha 8,32000
1+1,40,Praha 2,21000
1+kt,35,Praha 2,21000
3+kt,85,Praha 2,38000
2+kt,52,Praha 4,18000
1+kt,35,Praha 5,11500
3+1,214,Praha 1,100000
3+kt,84,Praha 6,22000
2+1,78,Praha 6,24000
3+1,75,Praha 4,22000
4+kt,158,Praha 5,37000
2+1,53,Praha 2,19000
3+kt,74,Praha 5,23000
1+kt,20,Praha 3,7500
2+kt,42,Praha 9,14990
3+kt,78,Praha 1,25800
2+kt,67,Praha 1,17000
1+kt,27,Praha 6,10500
3+1,74,Praha 4,16000
flatshare,20,Praha 4,10000
4+1,150,Praha 1,79000
5+kt,195,Praha 6,80000
2+1,119,Praha 1,65000
3+kt,80,Praha 2,38000
1+kt,46,Praha 1,17000
2+kt,83,Praha 1,
2+kt,59,Praha 7,14000
3+1,104,Praha 6,30000
1+kt,22,Praha 4,9000
unusual,45,Praha 5,17900
1+kt,28,Praha 1,25000
1+kt,35,Praha 4,12000
2+kt,37,Praha 1,10000
2+1,51,Praha 4,14000
2+kt,52,Praha 3,18500
3+1,72,Praha 4,18000
2+1,80,Praha 4,25000
3+kt,67,Praha 4,17500
1+1,38,Praha 1,13000
2+kt,55,Praha 5,16000
1+kt,29,Praha 1,14000
2+kt,55,Praha 1,19000
3+kt,64,Praha 4,17000
3+1,70,Praha 1,16000
3+1,70,Praha 1,16000
1+kt,40,Praha 9,13500
2+kt,44,Praha 5,15000
1+kt,30,Praha 6,17000
3+1,64,Praha 1,15200
3+kt,92,Praha 1,45000
2+kt,55,Praha 5,18000
2+kt,55,Praha 9,18000
3+kt,69,Praha 5,20400
1+kt,37,Praha 4,11000
2+kt,45,Praha 5,17900
1+kt,42,Praha 8,10000
2+kt,63,Praha 4,19000
3+kt,73,Praha 6,21000
3+kt,95,Praha 5,20000
1+kt,24,Praha 3,16000
2+kt,45,Praha 5,17900
2+kt,36,Praha 8,13500
3+1,85,Praha 1,30000
1+kt,40,Praha 2,17000
2+kt,57,Praha,15000
3+kt,56,Praha 2,31500
4+kt,106,Praha 2,30000
3+1,105,Praha 1,24000
3+kt,88,Praha 4,27000
2+kt,50,Praha 4,16500
3+kt,81,Praha 2,22500
2+1,85,Praha 4,21900
4+kt,139,Praha 4,35000
1+kt,33,Praha 9,10500
2+1,45,Praha 4,18800
1+1,37,Praha 8,9600
2+1,75,Praha 1,15000
2+kt,40,Praha 6,12000
3+kt,80,Praha 2,36000
3+1,88,Praha 3,24000
2+kt,49,Praha 8,21000
4+1,100,Praha 2,25000
2+kt,50,Praha 1,17000
2+kt,40,Praha 2,19900
1+kt,33,Praha 6,10000
1+kt,27,Praha 9,12000
2+kt,65,Praha 8,18500
3+kt,87,Praha 5,26000
3+1,85,Praha 4,17600
1+1,35,Praha 9,11000
1+kt,40,Praha 5,13900
2+kt,63,Praha 5,13500
3+kt,74,Praha 5,17500
2+kt,44,Praha,14050
3+1,61,Praha 6,21000
2+kt,75,Praha 1,17500
3+kt,87,Praha,20000
2+kt,52,Praha 4,14500
3+kt,71,Praha 4,16900
2+1,70,Praha 2,20000
3+1,75,Praha 9,16000
3+kt,85,Praha,24950
3+kt,66,Praha 5,20000
3+1,116,Praha 5,32500
3+kt,120,Praha,49000
2+kt,50,Praha 2,22000
2+kt,65,Praha,27000
3+kt,55,Praha,23000
4+kt,155,Praha 5,45000
3+1,106,Praha,24000
3+1,88,Praha 5,20500
1+kt,38,Praha 6,16000
1+kt,32,Praha 4,10000
3+1,89,Praha,30000
4+kt,164,Praha 6,59000
2+1,50,Praha 5,13800
3+kt,102,Praha 7,29000
3+1,77,Praha 5,12500
4+kt,115,Praha 4,30000
3+kt,103,Praha 1,32000
4+kt,137,Praha 3,93709
2+1,58,Praha 1,16000
2+kt,82,Praha 1,45000
2+kt,54,Praha 3,21800
2+kt,45,Praha,13000
2+kt,50,Praha 5,16000
1+1,42,Praha 1,20000
2+kt,48,Praha 5,14000
4+kt,125,Praha 2,49900
3+1,73,Praha 5,16000
1+kt,30,Praha 9,12500
2+kt,58,Praha 4,16000
2+kt,66,Praha 9,19700
2+kt,48,Praha 8,15000
1+kt,30,Praha 3,11499
3+kt,74,Praha 1,21499
2+kt,75,Praha 2,28000
2+kt,50,Praha 4,14900
2+kt,45,Praha 8,15000
,128,Praha 4,33000
4+kt,120,Praha 1,19900
4+kt,134,Praha 3,90611
2+kt,56,Praha 7,23500
3+kt,81,Praha 1,19000
3+kt,70,Praha 1,18000
4+kt,134,Praha 5,31990
1+kt,32,Praha 5,15900
1+kt,54,Praha 5,16900
3+kt,80,Praha 5,28900
3+kt,69,Praha,26000
4+1,105,Praha 8,21900
2+kt,45,Praha 2,28000
2+kt,71,Praha 7,28000
2+1,75,Praha 2,24000
1+kt,31,Praha 1,10500
3+kt,116,Praha 1,32000
2+kt,55,Praha 1,15900
1+kt,39,Praha 9,12300
2+kt,46,Praha 8,13800
2+kt,59,Praha 2,30000
3+kt,72,Praha 6,28000
5+kt,196,Praha 8,45000
2+1,44,Praha 5,28200
2+kt,45,Praha 3,14000
2+1,77,Praha,38000
2+1,76,Praha,41500
4+1,174,Praha,89000
5+1,202,Praha,90000
3+1,104,Praha,48000
2+1,76,Praha 1,
4+kt,75,Praha,
2+1,57,Praha 6,19500
1+kt,31,Praha 6,15000
2+1,53,Praha 6,16000
3+1,63,Praha 4,17000
2+1,51,Praha 6,16000
2+kt,40,Praha 4,13800
3+kt,118,Praha 9,24000
1+kt,28,Praha 7,18000
3+kt,80,Praha 8,17500
2+kt,68,Praha 7,25000
3+kt,129,Praha 4,80000
2+kt,41,Praha 6,12000
2+kt,82,Praha 1,37000
2+1,53,Praha 1,12900
3+kt,97,Praha,22000
2+1,65,Praha,14000
1+1,40,Praha 2,21000
3+kt,118,Praha 8,26500
4+1,93,Praha 4,18000
3+1,80,Praha 4,17000
3+1,82,Praha 4,16500
1+kt,44,Praha 2,18000
3+1,90,Praha 7,29990
2+kt,42,Praha 9,14900
2+kt,50,Praha 1,14900
2+kt,45,Praha 4,12990
1+kt,42,Praha,12500
2+kt,81,Praha 5,26000
2+kt,55,Praha,16000
3+kt,100,Praha 1,200000
3+kt,60,Praha 1,18000
1+kt,35,Praha 1,11000
2+kt,77,Praha 5,18000
5+1,197,Praha 1,100000
2+1,71,Praha 1,18000
5+1,174,Praha 1,67000
2+kt,50,Praha 2,21500
2+kt,42,Praha 1,13500
2+kt,65,Praha 1,20000
2+kt,53,Praha 6,13500
1+kt,24,Praha 1,13000
3+1,92,Praha 6,26500
3+kt,78,Praha 8,17000
3+1,101,Praha 6,37000
2+1,40,Praha 1,12500
1+kt,29,Praha 3,12000
2+1,50,Praha,14000
3+kt,118,Praha 5,49000
2+1,95,Praha 5,24500
3+1,78,Praha 5,16500
2+kt,68,Praha 1,15900
2+kt,58,Praha 1,18000
3+1,88,Praha 5,20500
2+kt,42,Praha 9,15500
5+1,225,Praha,55000
2+kt,49,Praha 3,13500
2+1,80,Praha 1,25000
2+kt,48,Praha 9,19000
1+kt,33,Praha 4,11500
2+kt,46,Praha 6,12000
2+kt,43,Praha 2,25000
1+kt,26,Praha 5,9500
1+kt,42,Praha 5,12000
2+1,90,Praha 5,22500
2+kt,45,Praha 5,15800
2+1,50,Praha 4,10000
3+1,200,Praha 3,119000
3+kt,120,Praha 8,22000
3+kt,75,Praha 6,19500
2+1,44,Praha,13500
5+1,206,Praha 2,75000
3+kt,70,Praha 7,32000
2+kt,51,Praha 1,17000
3+kt,70,Praha,19570
3+kt,82,Praha 4,20000
1+kt,35,Praha,21000
3+kt,116,Praha 3,54800
2+1,71,Praha 1,16990
3+1,96,Praha 5,23000
2+kt,50,Praha 3,14000
3+1,70,Praha 1,16000
3+kt,87,Praha 6,30500
2+kt,53,Praha 1,12500
3+kt,72,Praha 6,28000
3+kt,150,Praha 1,20000
3+kt,106,Praha 7,29000
2+1,80,Praha 2,22000
2+1,75,Praha,21000
2+kt,43,Praha 6,14000
3+kt,79,Praha 6,21900
2+kt,52,Praha 9,12500
2+1,50,Praha 4,10000
2+kt,33,Praha 4,17000
3+1,63,Praha 6,21000
2+kt,70,Praha 9,18000
2+1,64,Praha 1,27000
3+1,110,Praha 1,60000
2+kt,71,Praha 9,18500
2+kt,50,Praha 5,13300
1+1,35,Praha 7,11000
1+kt,22,Praha 7,8500
2+kt,51,Praha 1,15000
2+kt,53,Praha 5,18000
2+kt,56,Praha 6,16500
4+1,120,Praha 6,39900
2+kt,57,Praha 5,17500
2+kt,67,Praha,35000
2+kt,43,Praha 3,17000
3+kt,64,Praha 4,17000
2+1,61,Praha 6,22000
2+kt,52,Praha 1,14600
3+kt,86,Praha 5,22000
1+kt,34,Praha,11500
1+1,40,Praha,15500
2+1,65,Praha 2,19000
1+kt,23,Praha 2,11000
1+kt,20,Praha 9,8500
2+kt,65,Praha 1,35000
,250,Praha 1,110000
3+kt,117,Praha 1,43000
1+1,36,Praha 1,11500
2+kt,67,Praha 1,19500
2+kt,54,Praha 1,15000
2+1,56,Praha 8,15000
1+kt,28,Praha 4,12900
2+kt,54,Praha 3,21800
3+kt,93,Praha 7,41000
3+kt,93,Praha 2,44708
4+kt,195,Praha 7,75000
3+kt,116,Praha 2,54805
4+kt,132,Praha 7,45000
2+kt,60,Praha 2,60313
4+kt,144,Praha 3,44000
4+kt,166,Praha 3,119855
2+kt,89,Praha 3,39952
4+kt,135,Praha 3,92964
4+kt,135,Praha 3,89891
2+kt,42,Praha 1,13500
2+kt,50,Praha 8,22700
2+1,61,Praha 4,16000
3+kt,87,Praha 2,22000
2+kt,50,Praha 2,26000
2+kt,56,Praha 5,14500
1+kt,48,Praha 5,15500
3+1,108,Praha 7,39000
4+kt,94,Praha 7,39000
1+kt,38,Praha 4,14500
2+kt,42,Praha 8,14000
3+1,83,Praha 5,24000
3+1,98,Praha 5,9750
2+kt,41,Praha 4,13000
3+1,61,Praha 1,21000
2+kt,39,Praha 3,11500
2+kt,75,Praha 8,28000
2+kt,78,Praha,20000
2+1,99,Praha,21000
1+kt,34,Praha 2,11000
3+1,72,Praha,18000
1+kt,32,Praha 1,13000
1+kt,30,Praha 5,25000
2+kt,43,Praha 9,20000
3+kt,94,Praha,35000
3+1,129,Praha 2,34500
2+kt,50,Praha,17900
1+kt,32,Praha 4,12000
2+kt,54,Praha 4,16000
2+kt,55,Praha 5,16000
2+kt,46,Praha 2,14400
3+kt,98,Praha 5,35000
3+kt,140,Praha 8,27000
2+1,76,Praha 2,24000
3+1,90,Praha 2,32000
3+1,100,Praha 1,29000
2+kt,50,Praha 1,22500
4+kt,120,Praha 6,50000
2+kt,40,Praha 3,14000
4+kt,92,Praha 1,30000
3+1,63,Praha 1,15800
1+kt,36,Praha 9,13000
5+kt,231,Praha 7,85000
1+kt,35,Praha 2,21000
2+1,68,Praha 5,15000
4+kt,129,Praha 1,55000
2+1,56,Praha 4,14000
3+kt,86,Praha 3,21500
2+1,55,Praha 4,15000
2+kt,55,Praha 5,16000
2+kt,52,Praha,14000
4+kt,124,Praha 1,53000
1+kt,42,Praha 1,22000
1+kt,41,Praha 1,22000
2+kt,53,Praha 3,18900
1+kt,40,Praha 1,14000
3+1,105,Praha 6,28000
4+1,91,Praha 5,18000
3+1,115,Praha 6,30000
3+kt,111,Praha 1,19900
3+kt,106,Praha 5,22990
3+kt,136,Praha 1,50000
2+kt,68,Praha 1,28000
1+kt,30,Praha 4,8000
3+kt,85,Praha 2,45000
4+kt,140,Praha 9,27000
4+1,109,Praha 4,30000
3+kt,110,Praha 6,25000
4+1,240,Praha 1,60000
2+kt,43,Praha 4,14500
3+1,87,Praha 1,30000
,270,Praha 6,90000
1+kt,30,Praha 4,12000
1+kt,25,Praha 1,19500
1+1,81,Praha,14500
2+1,65,Praha,24900
1+kt,28,Praha 7,18000
2+kt,58,Praha 8,15000
5+kt,145,Praha 5,50000
3+kt,75,Praha 9,16500
3+kt,120,Praha 3,30000
3+kt,87,Praha 3,38000
2+kt,65,Praha 6,21000
5+kt,170,Praha 2,55000
1+1,35,Praha 1,10500
3+kt,87,Praha 2,30000
3+1,152,Praha 7,34000
4+1,100,Praha 6,32000
2+kt,53,Praha 5,19900
2+kt,65,Praha 1,35000
,269,Praha 6,90000
5+1,240,Praha 6,54000
3+kt,80,Praha 7,24900
2+kt,68,Praha 1,30000
2+kt,60,Praha 4,15000
3+kt,101,Praha 6,50000
1+kt,47,Praha 6,22000
1+kt,19,Praha 3,12900
3+kt,173,Praha 5,116168
3+kt,107,Praha 4,22500
3+kt,92,Praha 3,38999
1+1,42,Praha 1,15999
2+kt,48,Praha 2,21999
2+kt,53,Praha 9,20499
3+kt,85,Praha,23800
2+kt,66,Praha 3,20499
4+kt,98,Praha 7,38000
2+kt,62,Praha 7,23999
2+kt,71,Praha 3,19999
1+kt,39,Praha 3,16499
3+kt,92,Praha 3,29999
3+kt,111,Praha 4,
2+1,50,Praha 4,10000
1+kt,27,Praha 1,11000
1+1,40,Praha 4,14000
2+kt,43,Praha,13000
3+kt,86,Praha,25000
2+kt,70,Praha 7,21990
1+1,30,Praha 6,13200
2+kt,39,Praha 8,18000
1+kt,25,Praha 1,7500
2+kt,50,Praha 1,17000
3+kt,70,Praha 5,19000
3+kt,89,Praha 5,27000
4+kt,120,Praha 5,30000
2+1,70,Praha 2,20000
2+kt,35,Praha 3,20000
2+kt,55,Praha 2,26000
unusual,195,Praha 7,75000
3+kt,93,Praha 7,35000
2+1,88,Praha 2,25000
1+kt,25,Praha 5,11000
2+1,66,Praha 7,16000
3+kt,70,Praha 9,25000
unusual,46,Praha 6,17000
3+kt,105,Praha 2,30000
3+1,120,Praha 6,31000
2+kt,43,Praha,13000
2+kt,54,Praha 4,15930
3+kt,93,Praha 3,60253
2+kt,54,Praha 3,21800
3+kt,93,Praha 3,45151
3+kt,93,Praha 7,41000
2+kt,73,Praha 8,32000
1+kt,31,Praha 3,16000
2+1,92,Praha 1,45000
1+kt,43,Praha 1,15000
2+kt,56,Praha 3,17500
2+1,80,Praha 1,54000
3+1,110,Praha 6,30000
4+kt,100,Praha 5,39000
2+kt,60,Praha 5,23000
4+kt,105,Praha 9,33000
2+1,62,Praha 1,15000
4+1,124,Praha 5,35000
,280,Praha 2,79000
2+kt,43,Praha 2,22000
3+1,90,Praha 5,24000
2+kt,60,Praha 3,60279
4+kt,205,Praha 2,49000
1+1,42,Praha 1,20000
2+kt,36,Praha 3,20000
4+kt,110,Praha 2,60000
1+kt,49,Praha 1,15000
1+kt,24,Praha 3,16000
3+kt,105,Praha 1,28000
3+kt,98,Praha 5,35000
3+kt,105,Praha 1,28000
1+kt,30,Praha 4,7500
3+kt,110,Praha 7,41000
2+kt,58,Praha 3,25000
unusual,105,Praha 1,22000
3+kt,75,Praha 1,22000
3+kt,80,Praha 9,22000
1+kt,25,Praha 5,11400
1+kt,42,Praha 9,13000
2+kt,60,Praha 8,16000
4+kt,100,Praha 6,37000
2+kt,52,Praha 4,13000
3+kt,78,Praha,22000
2+kt,38,Praha 9,18000
2+1,48,Praha 9,19000
1+kt,48,Praha 1,15000
1+kt,28,Praha 1,14500
1+kt,37,Praha 8,
1+kt,35,Praha 1,10500
3+1,84,Praha 3,25000
4+1,111,Praha 8,25000
1+kt,46,Praha 4,13500
1+kt,42,Praha 5,14000
4+kt,194,Praha 7,75000
2+kt,62,Praha 5,17500
2+kt,46,Praha,30000
2+kt,59,Praha 5,21000
2+kt,59,Praha,17500
2+kt,60,Praha,15000
1+kt,31,Praha 5,13000
2+kt,70,Praha 1,17500
3+1,110,Praha 1,33000
2+kt,55,Praha 5,16000
3+kt,67,Praha,18000
1+1,48,Praha 4,10500
3+kt,164,Praha 6,
1+kt,33,Praha 4,11000
4+1,87,Praha 9,22000
1+kt,52,Praha 4,12900
3+1,80,Praha 7,21000
flatshare,25,Praha 1,11000
3+1,80,Praha 1,15000
3+1,88,Praha 5,20500
2+kt,54,Praha 9,14900
1+1,40,Praha 2,22000
1+kt,17,Praha 5,8500
3+1,157,Praha 1,31000
1+1,48,Praha 4,10500
2+kt,67,Praha 6,17000
2+kt,50,Praha 3,18000
3+1,115,Praha 2,32000
2+kt,51,Praha 3,13900
3+1,114,Praha 6,29900
3+kt,117,Praha 1,24200
2+1,57,Praha 1,13000
flatshare,20,Praha 8,9000
1+kt,38,Praha 8,11000
5+1,196,Praha 2,50000
2+kt,50,Praha 6,9500
2+kt,47,Praha 1,17000
2+kt,55,Praha 5,16000
2+kt,39,Praha,13500
2+kt,68,Praha 6,23000
1+kt,13,Praha 5,12200
1+1,37,Praha 4,11000
3+1,82,Praha 2,27000
1+kt,28,Praha 3,15000
3+1,82,Praha 9,16000
3+kt,123,Praha 3,22000
2+1,55,Praha 6,13000
2+kt,66,Praha 1,17500
2+kt,44,Praha 2,20000
3+1,134,Praha 5,31990
2+kt,75,Praha 1,21500
1+kt,37,Praha 9,11000
2+kt,100,Praha 3,24000
1+kt,32,Praha 1,14000
2+kt,59,Praha 8,15000
3+kt,110,Praha 2,40000
3+kt,86,Praha 2,26000
3+kt,117,Praha 3,55245
4+kt,139,Praha 3,120815
3+kt,93,Praha 3,60253
2+kt,61,Praha 3,24500
3+kt,85,Praha 1,18999
3+1,110,Praha 1,40000
3+1,63,Praha 6,21000
1+kt,12,Praha 6,8000
2+1,65,Praha 6,20000
2+kt,54,Praha 9,16000
3+1,110,Praha 1,40000
3+kt,90,Praha 5,24000
2+kt,54,Praha 2,16000
2+kt,53,Praha 5,14000
1+kt,35,Praha 1,22000
2+1,60,Praha,16000
2+1,80,Praha 5,22000
4+kt,130,Praha 7,42000
2+1,56,Praha 4,16000
3+kt,85,Praha 4,55000
1+kt,31,Praha 5,13000
1+kt,40,Praha,15000
1+kt,37,Praha 5,13000
2+kt,45,Praha 1,13000
4+kt,99,Praha 9,27000
2+kt,58,Praha 7,27000
2+kt,58,Praha 8,27000
5+1,180,Praha 2,120000
3+kt,54,Praha 1,17000
4+1,93,Praha,19999
1+kt,43,Praha 5,14000
3+kt,104,Praha,20000
3+kt,107,Praha,55000
1+1,57,Praha 9,10000
2+1,90,Praha 3,23000
3+1,121,Praha,28000
3+kt,79,Praha 5,20000
1+kt,42,Praha 5,14000
4+kt,194,Praha 7,75000
3+kt,93,Praha 7,41000
2+kt,60,Praha,15500
unusual,55,Praha,16000
2+1,55,Praha 2,26000
2+1,58,Praha 8,15000
2+1,73,Praha,18500
unusual,180,Praha,35000
1+kt,40,Praha 4,15000
3+kt,93,Praha 3,45151
2+kt,65,Praha 1,35000
2+1,65,Praha,15000
1+kt,30,Praha 5,300000
2+kt,45,Praha 4,12500
3+kt,96,Praha 4,15000
2+kt,51,Praha 4,15500
1+kt,50,Praha 5,17000
2+1,53,Praha 9,12000
2+1,89,Praha,25000
2+1,90,Praha,25000
2+kt,56,Praha 8,16500
3+kt,120,Praha 9,25300
2+kt,50,Praha 1,15000
2+kt,72,Praha 5,23100
2+kt,51,Praha 4,17250
3+kt,63,Praha,17000
3+kt,101,Praha 1,48000
1+kt,30,Praha,4000
2+kt,61,Praha 3,8000
1+kt,41,Praha 9,11000
1+kt,45,Praha 9,11000
1+kt,35,Praha 2,19000
2+1,54,Praha 1,19000
2+1,64,Praha 1,16940
2+kt,50,Praha 7,15500
2+kt,50,Praha 8,14350
3+kt,80,Praha 9,19000
3+kt,90,Praha 4,30000
2+1,65,Praha 5,17000
1+1,35,Praha 7,12000
2+kt,63,Praha,17000
2+kt,55,Praha,15500
2+1,55,Praha,15000
3+kt,69,Praha 4,17000
3+1,80,Praha 4,18000
2+kt,57,Praha 4,20000
4+kt,96,Praha,19800
4+kt,70,Praha,17900
2+1,65,Praha 1,15000
2+kt,45,Praha 1,13700
1+kt,25,Praha 1,12000
1+1,41,Praha 2,16500
2+kt,65,Praha 1,35000
3+kt,74,Praha 1,35000
4+1,148,Praha 1,33000
2+kt,56,Praha 3,17500
4+kt,160,Praha 5,42000
2+kt,67,Praha 1,22000
5+kt,185,Praha 5,54000
3+kt,70,Praha 3,21000
2+1,74,Praha 6,22000
1+kt,27,Praha 4,11500
2+kt,64,Praha 1,20000
2+kt,55,Praha 5,15000
2+kt,50,Praha 5,17000
3+kt,62,Praha,23000
1+kt,37,Praha 1,12800
3+kt,213,Praha 5,26000
2+1,63,Praha 8,19500
3+kt,116,Praha 8,22000
2+kt,42,Praha 1,12500
3+kt,100,Praha 9,23000
2+1,46,Praha 9,13200
2+kt,50,Praha 2,26000
2+kt,51,Praha 4,16700
1+kt,44,Praha 4,14590
3+1,77,Praha 4,25000
3+kt,106,Praha 1,28000
1+kt,27,Praha 4,12000
2+kt,43,Praha 5,14000
1+kt,25,Praha 6,10500
2+kt,51,Praha 2,18000
2+kt,59,Praha 8,23000
3+1,65,Praha 9,18000
2+kt,54,Praha 4,16000
2+kt,84,Praha 5,22000
1+kt,32,Praha 9,10000
2+kt,47,Praha 6,18000
1+1,51,Praha 4,17000
2+kt,56,Praha 8,16500
2+1,63,Praha 1,23780
3+1,110,Praha 1,42980
2+kt,50,Praha 4,11000
3+1,65,Praha,17000
4+1,125,Praha 1,45000
2+kt,64,Praha 5,23000
3+kt,87,Praha 6,30500
4+1,220,Praha,150000
4+kt,145,Praha,40300
4+1,121,Praha 5,18500
1+1,39,Praha,10000
2+1,74,Praha 3,20000
2+1,68,Praha 5,17500
1+kt,36,Praha 3,14000
3+kt,81,Praha 2,19990
3+1,102,Praha 3,30990
1+kt,39,Praha 3,22000
1+kt,47,Praha,19900
1+kt,36,Praha 4,12500
2+kt,55,Praha 8,16800
2+kt,73,Praha 5,17500
3+kt,103,Praha 8,29500
2+kt,38,Praha 1,13300
2+kt,56,Praha 7,23500
4+kt,156,Praha 6,35000
1+1,39,Praha 5,27500
4+kt,97,Praha 1,26900
1+1,31,Praha,9500
2+kt,40,Praha,30000
1+kt,43,Praha,22000
2+kt,69,Praha,33000
3+kt,78,Praha,35000
1+kt,47,Praha,25000
2+kt,121,Praha,55000
3+1,122,Praha,53000
5+kt,170,Praha 6,55000
3+1,53,Praha 4,16000
2+kt,64,Praha 7,23000
1+kt,29,Praha,11000
1+kt,28,Praha,11500
1+kt,39,Praha,13000
2+kt,50,Praha,14500
4+kt,124,Praha 3,53000
4+kt,102,Praha 4,35000
1+kt,35,Praha 5,12500
3+kt,90,Praha 6,25000
,200,Praha 5,79900
flatshare,36,Praha 4,6000
2+1,72,Praha 2,21000
2+kt,111,Praha 1,20000
3+kt,64,Praha 4,17000
1+1,37,Praha 4,14000
2+kt,54,Praha 1,14500
2+kt,44,Praha 5,15000
3+kt,72,Praha,25000
2+kt,50,Praha 4,15000
2+kt,85,Praha 5,23500
1+kt,50,Praha 4,14000
3+kt,100,Praha 4,24000
1+kt,27,Praha,10000
3+kt,69,Praha 8,17200
2+kt,50,Praha 3,18500
1+kt,26,Praha 6,12000
1+kt,35,Praha 3,12500
2+kt,38,Praha,19900
1+kt,18,Praha 5,10000
2+1,55,Praha 9,15000
2+1,55,Praha 9,16000
2+kt,60,Praha 5,15500
2+kt,39,Praha 1,15000
4+kt,76,Praha 1,25000
2+kt,56,Praha,13000
4+kt,130,Praha 4,24500
3+kt,81,Praha 9,24000
1+kt,41,Praha 8,12000
2+1,43,Praha 1,17000
3+1,85,Praha 4,18000
2+kt,47,Praha 6,15500
2+kt,60,Praha,20000
2+1,90,Praha 5,21000
2+kt,46,Praha 3,17900
4+kt,96,Praha 4,28000
3+kt,80,Praha 1,18500
2+kt,62,Praha 1,15000
3+1,104,Praha 2,28000
3+kt,81,Praha 6,17000
3+kt,90,Praha 4,24000
2+1,70,Praha 2,18000
1+kt,35,Praha,21000
1+kt,24,Praha,12000
2+1,55,Praha 2,21000
2+kt,53,Praha 9,16000
2+kt,58,Praha 4,18500
2+kt,42,Praha 1,13000
1+kt,30,Praha 4,11500
2+1,70,Praha 2,24000
2+1,67,Praha 5,19500
2+1,70,Praha 5,17000
2+1,50,Praha,14000
3+kt,80,Praha 6,26000
2+kt,52,Praha 1,16000
3+kt,153,Praha 3,64800
4+kt,174,Praha 3,139800
2+kt,58,Praha 4,16400
4+kt,106,Praha 6,42000
3+kt,93,Praha 3,59716
3+kt,93,Praha 1,25000
2+kt,60,Praha 3,60313
3+1,110,Praha 6,30000
3+1,95,Praha 5,42000
1+kt,35,Praha 3,11900
3+kt,90,Praha 2,46182
3+1,101,Praha,22000
1+1,50,Praha,15000
2+kt,57,Praha 9,13000
1+1,42,Praha 1,18000
3+kt,80,Praha 2,41100
1+1,45,Praha,16000
2+kt,41,Praha 1,19000
2+1,48,Praha 2,18900
3+kt,105,Praha,35000
3+kt,94,Praha 4,120000
1+kt,40,Praha 5,12000
2+1,85,Praha 1,37000
2+kt,37,Praha,23000
3+kt,83,Praha 4,29000
3+kt,111,Praha 8,22500
2+kt,49,Praha 1,16000
2+kt,79,Praha 1,15500
2+kt,64,Praha 1,17500
,214,Praha 3,50000
2+kt,45,Praha,13000
2+1,57,Praha,20000
1+kt,53,Praha 4,16500
5+kt,220,Praha 6,40000
2+kt,51,Praha 4,14000
1+1,34,Praha 2,14000
3+1,82,Praha 1,18400
3+kt,80,Praha,20900
2+kt,54,Praha 7,14500
2+1,28,Praha,14000
2+kt,62,Praha 5,15900
3+kt,146,Praha 4,24000
3+kt,79,Praha 1,19300
1+kt,31,Praha 8,11500
flatshare,12,Praha 4,4000
2+kt,68,Praha 1,30000
2+kt,70,Praha 1,28000
1+kt,44,Praha 1,22000
3+kt,69,Praha 2,35000
1+kt,29,Praha,12000
3+kt,93,Praha 3,60253
1+kt,34,Praha 5,15999
2+kt,52,Praha 7,15300
3+1,73,Praha 4,22000
3+kt,120,Praha 5,38000
3+kt,121,Praha 3,35000
2+kt,56,Praha 1,27000
3+kt,90,Praha 7,30000
1+kt,49,Praha 8,20000
1+kt,59,Praha 1,25000
2+1,60,Praha 2,22000
2+1,73,Praha 1,30000
3+kt,137,Praha 1,52000
2+kt,76,Praha 1,32000
4+1,120,Praha 7,38280
3+kt,67,Praha 6,20000
1+kt,33,Praha 4,10000
2+kt,44,Praha 4,15000
1+kt,35,Praha 5,16000
2+kt,46,Praha,19000
2+1,71,Praha 8,15000
2+kt,58,Praha 5,20000
2+kt,69,Praha 2,27000
3+kt,102,Praha 3,30990
1+kt,35,Praha 2,11000
5+kt,222,Praha 6,72000
3+1,63,Praha 6,21000
3+kt,67,Praha 4,18000
3+kt,162,Praha 2,34000
1+kt,31,Praha 1,11000
3+kt,60,Praha 6,22000
2+kt,71,Praha 1,30000
2+kt,62,Praha 2,25000
2+kt,48,Praha 3,16000
3+1,132,Praha,30000
2+kt,53,Praha 5,21000
3+kt,49,Praha 3,19500
1+1,41,Praha,13500
4+1,87,Praha 5,30000
1+1,39,Praha 9,11000
4+kt,120,Praha 5,45000
2+kt,44,Praha 1,16000
2+1,70,Praha 2,20000
3+kt,85,Praha 9,20000
2+kt,55,Praha 2,18000
2+kt,70,Praha 2,19000
3+1,84,Praha 3,25000
3+kt,57,Praha 6,23000
2+kt,59,Praha 9,18346
3+kt,93,Praha 7,35000
2+kt,45,Praha 3,17500
1+kt,35,Praha 5,11500
2+kt,46,Praha 6,19000
3+kt,115,Praha 5,32000
1+kt,21,Praha 5,10000
5+1,142,Praha 7,41000
1+1,40,Praha 5,18400
1+1,45,Praha 1,20000
5+kt,120,Praha 6,35000
1+kt,36,Praha 8,13400
3+1,104,Praha 1,35000
3+kt,80,Praha 6,21000
2+kt,53,Praha 6,18000
4+kt,126,Praha 2,71000
3+kt,72,Praha 2,28000
4+kt,104,Praha 6,33000
1+kt,25,Praha 6,14000
2+kt,39,Praha 6,18000
3+kt,62,Praha 6,24000
3+kt,85,Praha 6,29000
3+kt,65,Praha 6,26000
2+kt,45,Praha 3,13000
2+kt,75,Praha 4,17990
3+kt,62,Praha 6,14000
2+kt,50,Praha 5,20100
3+kt,89,Praha 6,22000
3+1,75,Praha,17500
2+kt,42,Praha 5,13500
2+kt,50,Praha 8,20700
2+kt,60,Praha 1,22000
3+kt,84,Praha 6,28000
1+1,38,Praha 4,12700
1+1,43,Praha 4,11300
4+1,197,Praha 1,120000
1+kt,35,Praha 2,35000
3+kt,102,Praha 2,39500
5+kt,197,Praha 1,120000
2+kt,63,Praha 4,19000
1+1,34,Praha 2,14000
1+1,48,Praha 4,12000
3+kt,80,Praha 4,20000
2+kt,53,Praha 8,15000
2+kt,105,Praha,31500
2+kt,58,Praha 1,16000
1+kt,18,Praha 5,10000
2+1,68,Praha 4,15990
1+kt,27,Praha 3,12000
2+1,53,Praha 6,14500
2+kt,66,Praha,18000
2+1,67,Praha 2,22500
2+1,86,Praha 2,22000
2+kt,62,Praha 5,19000
2+1,80,Praha,19200
2+kt,56,Praha 5,15999
1+kt,24,Praha,14300
3+kt,98,Praha 3,45151
1+kt,33,Praha,12000
3+kt,89,Praha 5,35000
2+1,82,Praha 3,23000
1+1,52,Praha 5,12000
1+1,65,Praha 2,29000
1+kt,18,Praha 4,7000
3+1,104,Praha 1,35000
1+kt,112,Praha 5,21000
2+kt,55,Praha 5,20500
2+1,50,Praha 9,15000
3+kt,112,Praha 4,22000
3+1,122,Praha 2,48800
3+kt,80,Praha 5,25000
2+kt,52,Praha 2,20800
1+1,45,Praha 5,17500
2+kt,64,Praha 2,25600
3+kt,74,Praha 9,24000
2+1,57,Praha 9,15000
3+kt,100,Praha 3,26500
1+kt,32,Praha 1,15000
1+kt,32,Praha 5,20652
2+kt,93,Praha 4,16990
1+kt,48,Praha 3,17000
4+kt,120,Praha,55000
3+kt,79,Praha 8,21990
2+1,65,Praha 9,13000
2+kt,72,Praha 5,23000
2+kt,67,Praha 2,35000
2+kt,45,Praha 3,16000
1+kt,30,Praha,9800
3+kt,76,Praha 7,27000
2+kt,55,Praha 2,27300
2+1,52,Praha 5,15000
1+kt,23,Praha 9,3390000
3+kt,107,Praha 2,55000
2+kt,84,Praha 9,19900
1+kt,64,Praha 8,13900
,214,Praha 3,50000
3+kt,104,Praha 1,28000
2+kt,47,Praha 2,28000
1+kt,48,Praha 1,15000
4+kt,126,Praha 2,71000
2+kt,92,Praha 5,16000
1+kt,48,Praha 1,15000
1+kt,30,Praha 4,12500
1+1,42,Praha 1,20000
3+kt,104,Praha 1,28000
2+kt,40,Praha 4,15000
2+1,56,Praha 1,15000
1+kt,53,Praha,15000
3+kt,95,Praha 3,27500
3+kt,122,Praha 7,45490
3+kt,106,Praha 5,30000
2+kt,50,Praha 6,15000
2+kt,45,Praha 5,14000
1+kt,26,Praha 4,11000
2+1,87,Praha 2,25000
2+kt,63,Praha,11500
2+kt,48,Praha,14000
2+kt,65,Praha 9,14000
5+1,198,Praha 6,65000
4+kt,98,Praha 7,38000
1+kt,15,Praha 5,13700
3+1,108,Praha 7,38000
3+1,94,Praha 1,32000
1+kt,25,Praha 4,10000
5+kt,137,Praha 2,45000
2+1,69,Praha 1,35000
2+kt,50,Praha 4,14990
4+kt,107,Praha,29000
3+kt,87,Praha 8,23000
2+kt,66,Praha 1,19900
1+1,51,Praha 4,13000
2+kt,56,Praha 2,26000
3+1,107,Praha 3,28000
2+kt,62,Praha 5,24990
1+kt,37,Praha 2,23500
3+kt,77,Praha 1,27000
3+kt,73,Praha,22000
3+kt,84,Praha 1,41000
3+kt,122,Praha 6,42000
4+kt,149,Praha 3,36999
1+1,40,Praha 3,14900
5+1,307,Praha 1,150000
3+1,90,Praha 1,19900
1+kt,45,Praha 1,19000
3+1,80,Praha,19000
2+kt,50,Praha 9,13500
1+kt,17,Praha 8,11500
1+kt,17,Praha 8,11500
3+1,75,Praha 5,19000
2+1,52,Praha 6,12500
2+1,64,Praha 1,27000
4+kt,110,Praha 6,36000
2+1,80,Praha,27900
3+kt,87,Praha 1,46000
2+kt,61,Praha 1,36000
3+kt,97,Praha,25000
3+1,99,Praha 6,26000
2+kt,62,Praha 3,16900
1+kt,28,Praha 2,12500
2+1,62,Praha 1,18500
2+kt,67,Praha 1,25000
5+1,150,Praha,28000
3+kt,93,Praha 7,41000
2+kt,92,Praha 5,16000
5+kt,191,Praha 6,49900
3+kt,170,Praha 1,45000
2+kt,49,Praha,12000
1+1,30,Praha 1,13000
3+kt,83,Praha,38000
1+1,31,Praha 5,12900
1+kt,42,Praha 4,14000
4+1,140,Praha,33000
3+1,155,Praha,33000
2+kt,76,Praha 3,19500
2+kt,54,Praha 9,15000
1+1,30,Praha 9,10500
2+kt,58,Praha 9,17500
3+kt,78,Praha 4,16500
3+kt,82,Praha,20000
3+kt,67,Praha,19900
4+kt,117,Praha 6,32000
1+kt,29,Praha 9,12000
2+kt,46,Praha 4,16000
4+1,184,Praha 1,100000
2+1,59,Praha,15000
2+1,64,Praha 5,20000
3+kt,73,Praha,21000
1+kt,28,Praha 5,10000
3+1,150,Praha 6,49000
3+kt,90,Praha 6,25000
2+kt,52,Praha 1,20000
3+kt,113,Praha 1,27000
3+1,91,Praha 2,21000
3+kt,66,Praha,14500
2+kt,57,Praha 8,17000
1+kt,45,Praha 4,11499
2+kt,51,Praha 4,16700
2+kt,50,Praha 5,16000
2+kt,67,Praha 2,23400
2+kt,67,Praha 2,23400
4+kt,93,Praha 6,30000
2+kt,40,Praha 2,21000
1+kt,35,Praha 2,15000
2+kt,65,Praha 1,17500
2+kt,89,Praha 3,40272
3+kt,74,Praha 2,34100
3+1,116,Praha 5,32500
2+1,90,Praha 2,24000
2+1,105,Praha 2,24000
2+kt,56,Praha 3,14000
1+kt,28,Praha 9,12500
3+kt,140,Praha 8,27000
2+kt,50,Praha 3,15000
3+kt,73,Praha 8,14500
2+1,45,Praha 5,28200
1+kt,15,Praha 5,13200
1+kt,11,Praha 5,12000
1+kt,10,Praha 5,11700
3+kt,105,Praha 1,50000
2+kt,42,Praha 2,32000
3+1,100,Praha 2,50000
1+1,40,Praha 2,31000
2+kt,53,Praha 2,31000
2+kt,66,Praha 9,21000
3+kt,104,Praha 6,39000
2+kt,50,Praha 8,22700
4+kt,142,Praha 2,87000
unusual,66,Praha 2,
3+kt,80,Praha 2,52000
3+1,110,Praha 1,29000
3+1,137,Praha 1,34000
4+kt,92,Praha 5,33000
2+kt,50,Praha 9,12500
3+kt,95,Praha 8,35900
3+1,91,Praha 2,23000
2+1,84,Praha 8,18000
2+kt,89,Praha 9,21000
2+1,45,Praha,11000
3+1,80,Praha 1,35000
2+kt,55,Praha 1,21000
3+1,111,Praha 7,30000
2+kt,73,Praha 3,20000
2+1,78,Praha 1,29300
1+1,38,Praha 3,15000
1+kt,35,Praha 3,21000
2+1,67,Praha 4,14000
1+kt,31,Praha 5,27500
2+kt,56,Praha 3,17500
3+kt,67,Praha 2,33000
2+kt,55,Praha 1,17000
4+kt,109,Praha 2,60000
,200,Praha 5,79900
3+1,63,Praha 6,21000
2+kt,74,Praha,22000
2+kt,45,Praha 5,11700
1+kt,33,Praha,15500
4+1,189,Praha 2,53700
2+kt,54,Praha 1,22500
2+kt,45,Praha 7,15000
3+kt,104,Praha 1,33000
3+kt,83,Praha 1,29000
2+kt,63,Praha 4,16500
1+1,45,Praha 7,18500
1+kt,36,Praha,13500
3+kt,83,Praha 9,25200
2+kt,54,Praha 2,17000
2+1,81,Praha 2,19990
1+kt,43,Praha 2,28000
3+kt,125,Praha 2,39000
1+kt,30,Praha 4,11500
1+1,45,Praha 2,20000
1+kt,28,Praha 3,13000
2+kt,57,Praha 9,16000
flatshare,17,Praha 9,5900
4+1,170,Praha 2,55000
2+1,70,Praha,16000
2+1,60,Praha 5,19900
3+kt,100,Praha 5,30000
2+1,72,Praha 6,20000
3+1,67,Praha 6,20000
5+1,189,Praha 2,53700
3+1,81,Praha 2,30000
1+kt,30,Praha,10000
2+kt,91,Praha 2,25000
1+1,50,Praha,13900
2+kt,56,Praha 9,20000
1+1,40,Praha 8,11500
2+kt,60,Praha 5,23000
3+kt,70,Praha 6,22000
2+kt,82,Praha 1,30000
2+kt,51,Praha 4,17000
3+kt,62,Praha 8,20000
2+kt,69,Praha 1,19000
3+kt,80,Praha 9,23000
2+1,57,Praha 6,16800
2+1,78,Praha 8,15500
1+kt,42,Praha 9,12000
1+kt,43,Praha 9,14500
3+1,69,Praha 1,14200
3+1,87,Praha 2,30000
unusual,94,Praha 5,39000
2+1,85,Praha 6,27000
3+1,96,Praha 1,45000
4+1,152,Praha 6,48000
2+kt,68,Praha 1,40000
4+kt,227,Praha 3,119000
3+kt,84,Praha 5,30000
4+kt,105,Praha,35000
2+kt,68,Praha 1,15500
4+1,184,Praha 1,100000
unusual,75,Praha 1,25000
2+1,69,Praha 2,22000
2+1,73,Praha 1,30000
3+kt,95,Praha 3,26500
2+1,60,Praha 2,20000
5+kt,139,Praha 6,35000
2+kt,53,Praha 6,15500
3+kt,67,Praha 4,14500
4+kt,124,Praha 1,53000
2+1,62,Praha 2,20000
2+1,62,Praha 2,20000
4+1,125,Praha 2,38000
3+kt,76,Praha 6,30000
1+kt,30,Praha 3,17500
1+kt,41,Praha 1,10990
2+kt,47,Praha 7,16000
1+kt,41,Praha,13500
2+kt,77,Praha 5,18000
2+kt,40,Praha 2,18000
2+kt,44,Praha 8,14000
1+kt,16,Praha 5,13700
1+kt,38,Praha 5,12000
1+1,61,Praha 8,15000
2+kt,46,Praha 1,13000
3+1,105,Praha 5,22000
3+1,130,Praha 1,54500
1+kt,41,Praha,14999
1+kt,26,Praha,9800
1+1,45,Praha 1,14000
2+1,70,Praha 8,12000
2+kt,73,Praha 7,28000
1+kt,40,Praha 3,14900
3+1,125,Praha,47230
2+1,60,Praha 1,16500
2+kt,54,Praha 2,23000
1+1,32,Praha 9,12000
1+kt,27,Praha 4,15300
1+kt,25,Praha 8,11500
1+kt,28,Praha 4,10000
1+kt,30,Praha 1,14500
2+kt,48,Praha 9,20000
2+kt,61,Praha 1,18700
1+kt,34,Praha,14990
3+kt,85,Praha 2,38000
1+kt,25,Praha 6,13000
2+kt,44,Praha,15500
2+kt,53,Praha 2,22000
2+kt,57,Praha 2,16500
2+kt,51,Praha 2,18000
3+kt,85,Praha 2,38000
1+1,40,Praha 2,21000
3+1,74,Praha 8,25000
2+kt,67,Praha 1,17000
4+kt,150,Praha,48000
2+kt,58,Praha 1,17500
4+kt,108,Praha 8,30000
3+kt,104,Praha 6,39000
2+kt,54,Praha 5,22000
3+kt,85,Praha 2,27000
1+1,40,Praha 5,14000
2+kt,46,Praha 1,13500
1+kt,38,Praha 3,10900
unusual,219,Praha 1,99000
2+kt,59,Praha,18900
4+kt,155,Praha,45000
3+1,87,Praha 3,18000
1+1,40,Praha 1,13000
1+kt,20,Praha 2,11000
3+kt,138,Praha 1,50000
2+kt,58,Praha 2,27000
2+kt,39,Praha 2,19000
4+1,93,Praha 6,30000
2+kt,66,Praha 9,15000
3+1,115,Praha 1,48000
3+1,110,Praha 1,45000
3+1,116,Praha 5,32500
2+kt,50,Praha 2,21000
3+kt,120,Praha,25000
3+1,116,Praha 5,32500
2+kt,50,Praha 9,12900
2+kt,45,Praha 8,10000
3+kt,94,Praha 6,26000
3+kt,74,Praha 1,35000
2+kt,50,Praha 8,22700
2+kt,55,Praha 9,12800
2+kt,58,Praha 5,17000
2+kt,54,Praha,18000
3+1,68,Praha,37000
1+1,41,Praha,17500
2+kt,50,Praha 4,20000
1+kt,33,Praha 9,12000
4+kt,120,Praha 5,45000
2+kt,46,Praha,17000
2+1,52,Praha,13500
3+kt,96,Praha,23000
2+kt,69,Praha,23000
1+1,45,Praha 2,20000
3+kt,91,Praha 6,36000
1+kt,69,Praha 6,23000
3+kt,117,Praha 4,80000
3+kt,122,Praha 6,44000
2+kt,52,Praha 5,25000
3+kt,91,Praha 6,38000
3+kt,140,Praha 5,27000
4+kt,159,Praha 1,42000
3+1,95,Praha 5,29000
2+1,105,Praha 4,19800
1+kt,37,Praha 2,17500
1+kt,31,Praha 1,12500
2+kt,54,Praha 4,13000
4+1,147,Praha 2,58000
1+kt,32,Praha 6,10000
3+kt,111,Praha 5,23000
3+1,90,Praha 4,19000
3+kt,86,Praha 4,18000
3+kt,95,Praha 4,44900
3+1,120,Praha 1,27000
2+kt,62,Praha 2,26000
3+1,121,Praha 5,29000
3+1,56,Praha 9,15000
1+1,55,Praha 1,12500
2+1,54,Praha 7,18000
2+kt,45,Praha 5,14500
3+1,115,Praha 2,42000
2+1,52,Praha 9,14900
3+1,85,Praha 2,30500
3+kt,63,Praha 1,30000
2+kt,45,Praha 4,14600
1+kt,41,Praha 2,22000
2+kt,54,Praha 2,22000
2+kt,76,Praha 2,32000
1+kt,42,Praha 3,16800
2+kt,55,Praha 1,16900
1+kt,19,Praha 8,11500
3+kt,90,Praha 7,26900
1+kt,36,Praha 1,13700
3+kt,90,Praha,22000
1+kt,25,Praha 9,10000
3+kt,75,Praha 3,19000
1+kt,40,Praha 4,16500
2+kt,42,Praha 8,13500
3+kt,157,Praha 5,23000
1+kt,100,Praha 5,22000
1+1,35,Praha 3,16000
2+kt,100,Praha 5,22000
2+kt,71,Praha 5,19000
4+kt,166,Praha 3,120815
2+kt,38,Praha 5,13000
1+kt,14,Praha 9,5500
1+kt,42,Praha 4,18000
4+kt,130,Praha 2,49500
2+kt,50,Praha 1,20000
2+kt,100,Praha 4,23263
2+kt,49,Praha 7,16500
1+kt,50,Praha 4,15790
3+kt,115,Praha 4,23571
1+kt,37,Praha 9,11500
1+kt,30,Praha 2,23000
3+kt,84,Praha 6,25000
1+1,33,Praha 8,15000
2+1,56,Praha 7,15000
2+kt,58,Praha 8,21000
3+kt,67,Praha 1,15500
unusual,62,Praha 4,16000
3+1,85,Praha 6,22000
2+kt,63,Praha,22000
1+kt,40,Praha,11500
3+kt,70,Praha 5,19000
3+kt,85,Praha 4,30000
2+kt,57,Praha,17900
2+kt,47,Praha 5,15000
2+1,60,Praha 1,16000
2+kt,45,Praha 6,18000
3+1,70,Praha 6,20000
5+1,130,Praha,41000
3+1,99,Praha,25490
3+1,110,Praha 1,35000
2+kt,54,Praha 8,14900
2+kt,48,Praha 4,12500
2+kt,68,Praha,16900
3+kt,62,Praha,19500
2+kt,58,Praha 2,27000
3+kt,110,Praha 2,40000
5+kt,142,Praha 7,50000
3+kt,107,Praha 2,55000
2+kt,42,Praha 4,12500
2+kt,45,Praha 8,20000
4+kt,106,Praha 6,42000
3+kt,62,Praha 1,30000
2+kt,38,Praha 2,21000
3+kt,74,Praha 5,23000
2+kt,48,Praha 2,24000
3+kt,77,Praha 2,28000
2+1,56,Praha 8,16800
4+kt,125,Praha,21000
2+kt,47,Praha 2,18500
3+kt,108,Praha 2,60000
,280,Praha 2,65000
2+kt,48,Praha 2,24000
2+1,54,Praha 7,18000
2+kt,77,Praha 1,38000
2+kt,72,Praha 9,20000
2+1,58,Praha 1,18000
2+kt,45,Praha 2,15500
2+kt,42,Praha 8,16500
3+1,72,Praha 5,23000
1+1,40,Praha 7,15500
3+1,144,Praha 2,58000
3+1,103,Praha 2,39000
5+1,200,Praha 7,60000
3+1,73,Praha 1,36400
1+kt,37,Praha 3,13900
4+1,195,Praha,75000
3+kt,93,Praha 3,45177
5+kt,181,Praha 5,57920
2+kt,45,Praha 6,14500
2+kt,45,Praha 6,14500
2+kt,42,Praha,14500
5+kt,240,Praha 7,69800
3+kt,100,Praha 6,22000
3+kt,157,Praha 2,33000
1+1,32,Praha 4,12000
2+1,68,Praha 3,18500
4+1,140,Praha 2,60000
2+kt,67,Praha 9,17000
2+1,92,Praha 3,23000
2+kt,45,Praha 9,13500
3+kt,89,Praha 2,30000
3+kt,90,Praha 5,24000
4+kt,99,Praha 1,21000
4+kt,166,Praha 3,120815
1+1,32,Praha,12900
4+kt,96,Praha 7,22540
4+kt,87,Praha 6,25000
1+1,30,Praha 4,13000
2+1,42,Praha 1,16500
3+1,95,Praha 4,19000
2+kt,65,Praha 3,22000
,160,Praha 5,41000
1+kt,23,Praha 2,19900
3+kt,97,Praha 8,19999
1+kt,16,Praha 1,20000
2+kt,54,Praha,13000
2+kt,43,Praha 5,13000
2+kt,53,Praha,14900
5+1,182,Praha 1,67000
1+kt,35,Praha 8,17650
2+kt,63,Praha 8,26400
2+kt,59,Praha 5,18900
1+1,30,Praha 2,10000
3+1,86,Praha 9,23000
4+kt,120,Praha 5,30000
1+kt,44,Praha 8,11000
1+kt,42,Praha 5,14900
3+kt,78,Praha 3,21000
2+kt,57,Praha 9,19000
1+1,51,Praha 2,18000
2+kt,55,Praha 5,17500
4+kt,109,Praha 2,33000
2+1,76,Praha 5,21000
2+1,50,Praha 6,16000
2+1,63,Praha,20000
2+kt,50,Praha 6,15000
1+1,55,Praha 1,17500
2+kt,52,Praha 4,20000
3+kt,100,Praha 1,42000
4+kt,118,Praha 1,53000
2+1,90,Praha 6,19000
2+kt,53,Praha 8,23000
2+kt,47,Praha 1,15000
3+1,97,Praha 9,16000
3+kt,71,Praha 5,17100
5+1,180,Praha 2,120000
4+kt,75,Praha 1,20000
2+kt,51,Praha 9,14000
3+kt,140,Praha 5,27000
2+kt,40,Praha,11900
2+kt,35,Praha 9,11900
3+kt,97,Praha 2,38000
3+kt,82,Praha 8,30000
2+1,80,Praha 6,19990
3+kt,71,Praha 4,19950
1+1,33,Praha 4,13500
1+1,34,Praha 2,14000
1+kt,36,Praha 4,13000
1+kt,55,Praha 5,14850
4+kt,120,Praha 1,53000
2+kt,42,Praha 1,12000
2+kt,67,Praha 3,21000
2+kt,58,Praha 1,16000
2+kt,70,Praha 5,21990
1+kt,43,Praha 5,13000
3+kt,95,Praha 3,22800
2+1,45,Praha 1,21000
1+kt,28,Praha 9,11800
2+1,70,Praha,25000
3+kt,85,Praha 5,29500
1+kt,38,Praha 5,11800
2+1,52,Praha 4,16500
3+1,111,Praha 7,30000
4+1,305,Praha,50000
3+1,81,Praha 2,30000
2+kt,42,Praha 9,24000
3+kt,84,Praha 2,30500
1+kt,56,Praha 9,15700
1+kt,57,Praha 9,15700
3+kt,90,Praha 5,24000
2+kt,59,Praha 5,18000
1+kt,57,Praha 7,18000
2+1,64,Praha 5,16000
3+kt,75,Praha 6,16500
1+kt,36,Praha 9,12000
4+1,85,Praha 8,19900
2+1,55,Praha 9,16000
3+kt,99,Praha 5,30000
2+kt,111,Praha 1,20000
3+kt,78,Praha 9,23000
2+kt,45,Praha 8,13900
2+1,75,Praha 2,24000
2+kt,53,Praha 1,15000
2+kt,50,Praha 2,21000
1+kt,29,Praha 3,2900000
2+kt,54,Praha 5,17900
3+kt,105,Praha 1,28000
3+1,81,Praha 2,30000
1+kt,20,Praha 3,12900
1+kt,35,Praha 3,15000
1+kt,28,Praha 3,13900
1+kt,9,Praha 5,12000
2+kt,72,Praha 9,20000
2+1,70,Praha 4,16000
unusual,240,Praha 1,60000
1+kt,42,Praha 1,15000
2+1,68,Praha 5,17000
3+1,65,Praha 4,16000
3+kt,97,Praha 2,38000
1+kt,25,Praha 6,9500
2+kt,69,Praha 3,23000
2+kt,70,Praha 6,33000
3+kt,97,Praha 6,35000
3+kt,90,Praha 2,23000
2+kt,65,Praha 3,18000
3+kt,75,Praha 2,28000
1+kt,46,Praha 4,14000
1+kt,45,Praha 5,17500
2+1,55,Praha 1,14500
2+kt,50,Praha 4,14990
3+kt,95,Praha 5,28900
2+kt,65,Praha 1,21000
2+kt,43,Praha 5,22000
1+kt,32,Praha 9,14000
2+kt,60,Praha 3,17000
2+kt,76,Praha 1,21000
2+kt,43,Praha 4,14000
1+1,50,Praha 2,21000
flatshare,20,Praha 1,5000
5+1,174,Praha 1,67000
4+kt,105,Praha 4,26000
5+kt,143,Praha 5,49500
2+1,52,Praha 8,15500
1+kt,38,Praha 3,15000
2+kt,50,Praha 8,25000
2+kt,60,Praha 5,16500
1+kt,62,Praha 1,13900
4+kt,152,Praha 6,60000
1+kt,30,Praha,11900
2+1,54,Praha 7,18000
1+kt,51,Praha 7,21000
1+kt,35,Praha 6,10500
3+kt,150,Praha 1,19500
2+kt,61,Praha 1,16000
1+kt,30,Praha,13500
1+kt,25,Praha 2,11000
3+kt,85,Praha 8,30000
2+kt,47,Praha 3,19500
3+kt,75,Praha 2,22000
3+kt,80,Praha 5,27000
4+kt,159,Praha 1,42000
3+kt,78,Praha 2,30500
1+1,40,Praha 5,17000
2+kt,50,Praha 5,19000
1+kt,33,Praha 5,11000
1+1,40,Praha 5,17000
2+kt,52,Praha 3,15000
3+kt,80,Praha 5,27000
2+kt,50,Praha 9,13900
3+kt,84,Praha 1,32000
1+kt,28,Praha 4,9500
2+kt,72,Praha 2,22000
1+kt,26,Praha,9500
1+1,28,Praha,17000
3+kt,78,Praha 8,18000
4+kt,139,Praha 4,35000
1+1,51,Praha 1,13900
2+kt,50,Praha 1,22000
4+kt,160,Praha,36000
3+kt,92,Praha 2,45000
4+kt,183,Praha 2,70000
5+1,202,Praha 2,105000
3+1,71,Praha,19000
2+kt,70,Praha 4,34900
2+kt,75,Praha 5,36000
3+kt,80,Praha,24000
2+kt,61,Praha 4,16912
2+kt,70,Praha 5,20000
1+kt,16,Praha 5,13700
2+kt,44,Praha 4,14500
1+1,45,Praha 6,13900
2+kt,40,Praha 2,19900
2+kt,50,Praha 2,14000
4+kt,127,Praha,35000
1+kt,30,Praha 3,13000
3+1,100,Praha 1,19000
3+1,123,Praha 1,28000
3+kt,79,Praha 7,37000
3+kt,115,Praha 4,60000
2+kt,60,Praha,18000
2+1,60,Praha 4,16000
2+kt,70,Praha 7,23000
2+kt,48,Praha 2,24000
3+kt,110,Praha 4,70000
3+kt,82,Praha 3,18000
5+kt,347,Praha 3,49999
3+kt,98,Praha 8,27999
3+kt,118,Praha 3,42499
3+1,117,Praha 6,35000
2+kt,48,Praha 2,19000
2+kt,72,Praha 2,27000
2+kt,49,Praha 1,15200
1+kt,30,Praha 4,12000
1+1,42,Praha 8,12000
1+kt,27,Praha 4,10500
2+kt,56,Praha 5,15500
3+kt,108,Praha 1,28000
2+kt,50,Praha 3,15000
2+1,70,Praha 1,25815
3+kt,111,Praha,41000
2+kt,48,Praha 2,24000
2+kt,53,Praha 2,24000
2+1,70,Praha 5,16500
2+kt,50,Praha 2,28000
1+1,30,Praha 4,10300
1+kt,30,Praha 3,17500
3+1,126,Praha 2,39000
3+kt,84,Praha,21000
4+kt,106,Praha 3,28000
4+kt,184,Praha,45000
3+kt,70,Praha 6,22000
2+kt,89,Praha 3,40272
1+kt,32,Praha 3,15000
2+1,54,Praha 1,17500
4+kt,155,Praha 1,50000
1+kt,30,Praha 4,10300
2+kt,117,Praha 5,33000
2+kt,58,Praha,15900
2+kt,44,Praha,13900
1+kt,48,Praha 4,15000
2+kt,50,Praha 2,21500
2+kt,45,Praha 1,22000
2+kt,54,Praha 4,17000
2+1,50,Praha 9,13000
3+kt,64,Praha 1,31000
3+kt,76,Praha 6,19500
2+1,68,Praha 6,19000
3+1,83,Praha,35000
2+kt,102,Praha 5,35000
3+1,72,Praha 4,16800
2+kt,45,Praha 1,14500
4+kt,116,Praha,39000
2+1,55,Praha,15000
3+kt,109,Praha 4,23500
2+kt,48,Praha 5,14900
2+kt,60,Praha 9,12000
1+1,50,Praha 4,15000
2+kt,82,Praha 2,38000
4+kt,163,Praha 2,95000
3+1,115,Praha 7,25000
4+kt,190,Praha 6,90000
4+1,181,Praha 5,52000
1+kt,27,Praha 4,10000
3+kt,73,Praha 2,31000
3+kt,177,Praha 3,29990
2+kt,50,Praha 2,21500
1+1,27,Praha 6,11500
2+1,63,Praha,23000
1+kt,40,Praha 9,12500
3+kt,95,Praha 5,19500
3+kt,90,Praha 9,24000
1+kt,20,Praha,15000
2+kt,55,Praha 4,17000
4+kt,72,Praha 4,16900
1+kt,32,Praha 6,11000
4+kt,180,Praha 5,50000
1+kt,35,Praha 2,21000
3+kt,80,Praha 2,38000
3+1,56,Praha 6,17000
,146,Praha,50000
1+kt,40,Praha 1,13500
2+kt,43,Praha 1,13500
2+1,50,Praha 8,13000
2+kt,64,Praha 5,25000
3+1,144,Praha 4,30000
3+kt,79,Praha 3,26500
2+1,72,Praha 1,25000
2+kt,42,Praha 4,12500
3+kt,111,Praha 7,41000
4+kt,135,Praha 3,92964
3+1,97,Praha 1,24000
1+kt,40,Praha 9,11500
2+kt,58,Praha 1,18000
2+1,80,Praha 2,27500
3+kt,80,Praha 6,20000
3+1,81,Praha 3,25000
3+kt,65,Praha 6,21800
3+kt,88,Praha 8,31400
4+kt,188,Praha 2,55000
3+kt,88,Praha,25000
4+kt,166,Praha 5,50000
2+kt,67,Praha 3,23000
1+kt,50,Praha 4,13000
3+kt,57,Praha 2,24000
2+kt,43,Praha 4,11000
2+kt,60,Praha 3,60279
2+1,52,Praha 7,16500
1+kt,31,Praha 5,27500
2+1,90,Praha 3,23000
1+kt,28,Praha 4,10200
1+kt,35,Praha 5,11200
4+kt,140,Praha 3,119855
2+1,69,Praha 1,19500
4+kt,120,Praha,50000
2+kt,48,Praha 4,14000
3+kt,110,Praha 4,24000
2+kt,78,Praha 8,22500
3+kt,77,Praha 6,20000
1+kt,40,Praha 1,17000
3+kt,88,Praha 2,28000
3+kt,88,Praha 5,30000
3+kt,86,Praha,17800
2+kt,55,Praha 5,19500
4+kt,166,Praha 3,119855
1+kt,41,Praha 3,13900
2+kt,57,Praha 9,14500
2+kt,53,Praha 4,15000
4+1,160,Praha 1,60000
2+kt,61,Praha 3,24500
4+1,181,Praha 5,54000
4+kt,134,Praha 2,71000
2+kt,56,Praha 6,22000
2+kt,54,Praha 3,21800
3+kt,70,Praha 1,30000
5+kt,137,Praha 2,43000
2+kt,79,Praha 3,32000
2+kt,135,Praha 3,80000
2+kt,66,Praha 3,30000
3+kt,123,Praha 3,45000
4+1,142,Praha 2,87000
2+kt,56,Praha 5,32000
2+kt,55,Praha 5,28000
4+1,220,Praha 1,180000
4+1,130,Praha 1,45000
4+kt,87,Praha 5,39000
3+kt,73,Praha 1,36400
4+kt,118,Praha 6,45000
4+kt,123,Praha 2,45000
3+kt,106,Praha 2,55000
1+kt,35,Praha 2,21000
3+kt,99,Praha 5,33000
3+kt,116,Praha 3,55245
3+kt,81,Praha 5,29000
4+1,145,Praha 1,65000
4+kt,126,Praha 2,71000
3+kt,92,Praha 2,35000
3+kt,91,Praha 2,45000
4+kt,146,Praha 2,65000
4+kt,110,Praha 2,60000
4+kt,115,Praha 2,45000
3+1,104,Praha 1,52000
4+kt,140,Praha 1,50000
5+1,194,Praha 1,69000
4+kt,144,Praha 1,58000
,183,Praha 1,70000
5+kt,172,Praha 1,59000
3+kt,150,Praha 2,48000
4+1,203,Praha 1,90000
2+1,90,Praha 1,45000
4+1,181,Praha 5,54000
2+kt,43,Praha 2,67119
4+1,240,Praha 3,70000
4+kt,174,Praha 2,45000
,290,Praha 4,65000
5+kt,150,Praha 5,51000
4+1,160,Praha 1,65000
1+kt,43,Praha 9,14000
unusual,87,Praha 7,23000
2+1,44,Praha 5,13500
2+kt,61,Praha 5,17500
unusual,164,Praha 2,26000
3+1,72,Praha 5,14000
2+1,50,Praha,17000
2+kt,48,Praha 6,16000
2+1,52,Praha 1,17000
4+kt,164,Praha 6,63000
4+kt,82,Praha 1,21500
3+1,144,Praha 6,48000
3+1,77,Praha 5,20000
,293,Praha 6,78000
3+kt,90,Praha 1,24000
4+kt,109,Praha 2,60000
2+kt,54,Praha 7,19900
3+1,75,Praha 6,20000
2+kt,68,Praha 5,22000
2+kt,43,Praha 5,15000
unusual,319,Praha 6,75000
3+kt,90,Praha 5,35000
2+kt,78,Praha 9,23000
1+kt,29,Praha 9,10900
4+1,246,Praha 6,75000
2+kt,50,Praha 3,16000
2+kt,51,Praha 5,15000
2+kt,53,Praha 5,18000
2+kt,70,Praha 7,22000
3+1,90,Praha 6,35000
3+1,74,Praha 6,20000
2+kt,52,Praha 5,16000
2+1,93,Praha 1,49000
3+kt,77,Praha 1,27000
3+1,76,Praha 4,15500
1+kt,24,Praha 1,15000
5+1,225,Praha,55000
2+kt,40,Praha 1,18000
3+kt,91,Praha 4,24000
2+kt,66,Praha 2,23400
4+kt,116,Praha 1,53000
3+kt,69,Praha 2,35000
2+kt,50,Praha 2,27000
2+kt,75,Praha 2,45000
2+1,78,Praha 2,27400
4+kt,98,Praha 6,30000
2+kt,52,Praha 1,13000
1+kt,53,Praha,16000
3+1,144,Praha 1,49000
3+kt,88,Praha 5,30000
2+kt,45,Praha 5,12500
1+1,41,Praha 3,16000
2+1,48,Praha 1,12500
4+kt,93,Praha 6,35000
1+kt,41,Praha 4,10000
2+1,70,Praha 3,21500
3+kt,129,Praha 5,28000
4+1,200,Praha 1,90000
3+kt,68,Praha 4,20000
2+kt,53,Praha 3,18500
2+kt,42,Praha 9,12490
1+kt,33,Praha 9,14000
2+kt,75,Praha 8,22000
3+1,86,Praha 9,24000
4+kt,238,Praha 8,60000
3+kt,91,Praha 1,22000
4+kt,166,Praha 3,119800
4+kt,135,Praha 3,89891
2+kt,60,Praha 5,16000
2+kt,50,Praha 9,14000
1+1,43,Praha 1,22000
2+kt,58,Praha 1,17500
3+1,126,Praha 1,55000
3+1,124,Praha 1,53000
2+kt,57,Praha 5,22000
3+kt,57,Praha 6,17000
4+kt,210,Praha 5,65000
3+1,103,Praha 2,42000
1+kt,35,Praha,21000
1+kt,40,Praha 3,16000
3+kt,86,Praha 9,24000
2+kt,62,Praha 8,26000
3+1,100,Praha 1,40000
3+kt,85,Praha 3,32500
2+kt,47,Praha,17000
4+kt,96,Praha 8,34000
2+kt,52,Praha 1,14500
4+kt,150,Praha 4,35000
2+1,77,Praha 2,26900
2+1,78,Praha 2,27400
5+1,178,Praha 5,54000
3+1,70,Praha 9,17000
1+kt,36,Praha 5,13900
2+kt,62,Praha,22000
2+kt,65,Praha 9,16000
4+kt,133,Praha 4,20000
2+kt,41,Praha 2,30000
1+kt,27,Praha 9,16000
3+1,90,Praha 1,29000
unusual,219,Praha 1,99000
2+kt,47,Praha 9,14000
2+kt,51,Praha 1,16500
4+kt,195,Praha 7,75000
2+kt,60,Praha 5,16000
2+kt,70,Praha 1,35000
2+kt,56,Praha 4,15000
3+kt,108,Praha 6,35000
3+kt,107,Praha 2,55000
2+kt,57,Praha 4,19500
3+kt,82,Praha,27000
1+kt,42,Praha 2,22000
2+1,75,Praha 7,21490
flatshare,30,Praha 5,9000
unusual,150,Praha,50000
1+kt,43,Praha 2,22000
1+kt,42,Praha 2,22000
1+kt,42,Praha 2,22000
2+kt,81,Praha 2,33000
2+kt,74,Praha 1,30000
1+kt,40,Praha 2,22000
3+1,143,Praha 3,45000
3+kt,75,Praha,19000
3+1,128,Praha 1,56000
1+kt,62,Praha 1,25000
2+kt,108,Praha 2,45000
3+kt,138,Praha 2,50000
1+kt,42,Praha 2,22000
1+kt,40,Praha 2,22000
4+kt,124,Praha 1,53000
3+kt,111,Praha 8,19900
2+kt,82,Praha 2,32000
1+1,46,Praha 2,22000
1+1,76,Praha 2,29000
2+kt,104,Praha 2,39000
3+kt,70,Praha 2,35000
3+kt,100,Praha 2,42000
2+kt,73,Praha 2,32000
2+kt,75,Praha 2,32000
2+kt,73,Praha 2,30000
2+kt,72,Praha 2,28000
3+kt,64,Praha 5,29500
2+1,42,Praha 2,16000
3+kt,110,Praha,39500
3+kt,130,Praha 2,45000
2+kt,49,Praha,19000
2+kt,51,Praha 8,14000
2+kt,50,Praha 5,15000
2+kt,65,Praha 5,15990
2+kt,114,Praha 2,39000
3+kt,137,Praha 2,52000
2+kt,70,Praha 2,28000
2+kt,80,Praha 2,38000
2+kt,75,Praha 2,30000
2+kt,74,Praha 2,30000
2+kt,79,Praha 2,35000
3+1,144,Praha 9,26000
unusual,91,Praha 2,22000
4+kt,90,Praha,18000
,205,Praha,130000
3+kt,60,Praha,16000
2+kt,79,Praha 5,17000
4+kt,92,Praha 3,35000
1+kt,35,Praha 2,35000
1+kt,11,Praha 5,15200
2+kt,160,Praha 3,60279
2+kt,117,Praha 2,32000
3+1,76,Praha 4,18000
2+kt,58,Praha,17500
2+kt,50,Praha 9,15000
2+kt,50,Praha 1,18000
2+kt,70,Praha 1,22500
4+kt,164,Praha 6,59000
2+kt,66,Praha 5,23500
2+kt,76,Praha 3,18000
1+kt,12,Praha 5,14200
1+kt,12,Praha 5,12700
2+kt,53,Praha,15500
2+kt,60,Praha,18000
2+kt,50,Praha 3,16900
1+1,30,Praha,10000
2+1,80,Praha,17000
3+1,130,Praha 4,25000
3+kt,85,Praha 3,22000
1+kt,13,Praha 5,12700
2+kt,55,Praha,12500
3+kt,88,Praha 4,27500
3+1,62,Praha,17900
2+kt,47,Praha 1,25000
2+kt,37,Praha 1,14000
3+kt,92,Praha 8,23900
2+1,98,Praha 1,25000
2+1,72,Praha 1,25000
4+kt,124,Praha 1,37000
3+1,63,Praha 6,21000
2+kt,55,Praha 4,16000
2+kt,68,Praha 5,35000
1+kt,20,Praha 5,25000
1+1,30,Praha 2,16000
1+kt,30,Praha 9,11500
2+kt,53,Praha 3,15000
2+kt,65,Praha 1,19000
3+1,84,Praha 4,20000
2+1,63,Praha 2,20000
3+1,63,Praha 6,21000
5+1,198,Praha 6,65000
1+kt,28,Praha 4,11000
1+1,36,Praha 3,12500
2+1,105,Praha 1,34000
2+kt,83,Praha,30000
3+kt,81,Praha 7,37000
3+kt,109,Praha 9,25000
2+kt,95,Praha 8,15000
3+1,83,Praha 5,17000
5+kt,176,Praha 2,120000
3+kt,93,Praha 7,41000
3+kt,106,Praha 1,28000
2+kt,43,Praha 1,30000
2+kt,37,Praha 1,18000
3+kt,82,Praha 3,25000
2+kt,50,Praha 2,21500
2+kt,61,Praha 9,17668
2+1,98,Praha 3,20900
1+kt,22,Praha 2,16500
1+kt,27,Praha 5,10500
2+kt,54,Praha 9,16000
4+kt,137,Praha 3,93709
2+kt,57,Praha 5,17000
2+kt,89,Praha 3,39800
1+kt,17,Praha 4,10000
1+kt,43,Praha 4,12900
2+kt,50,Praha 6,16000
2+kt,50,Praha,17000
2+kt,52,Praha 8,21500
3+kt,70,Praha 1,34990
4+1,165,Praha 1,92000
1+kt,19,Praha 4,10000
2+kt,47,Praha 3,22000
2+1,85,Praha 1,37000
4+1,160,Praha 1,38000
4+kt,191,Praha 3,65000
3+kt,85,Praha 7,24000
4+kt,109,Praha 6,45000
2+kt,44,Praha 4,14000
2+kt,45,Praha 4,15000
5+1,202,Praha 2,105000
2+kt,56,Praha 3,21000
2+1,42,Praha 2,16000
3+kt,55,Praha 9,15000
5+1,202,Praha 2,105000
1+1,50,Praha 1,12000
2+kt,52,Praha,20000
3+1,94,Praha 3,33000
2+kt,51,Praha 5,13800
2+kt,73,Praha 1,45000
unusual,10,Praha 4,7000
3+1,135,Praha 2,48000
1+kt,30,Praha 2,15000
2+kt,66,Praha 3,24000
4+kt,118,Praha 4,22000
3+kt,78,Praha 6,15000
2+1,56,Praha 1,26000
3+kt,77,Praha 6,28000
2+kt,52,Praha 1,18000
2+kt,72,Praha 5,27000
3+1,110,Praha 1,48000
2+1,66,Praha 8,
2+kt,66,Praha 1,30000
3+kt,110,Praha 7,41000
2+kt,49,Praha 3,19500
2+kt,59,Praha 4,14500
,280,Praha,65000
2+kt,44,Praha 5,13500
1+kt,26,Praha 5,12000
2+kt,53,Praha 1,20000
2+kt,68,Praha 6,15000
,230,Praha 1,70000
2+kt,62,Praha 1,30000
3+kt,79,Praha 8,28000
2+kt,39,Praha 4,12000
2+kt,55,Praha 1,15600
2+kt,50,Praha 8,16000
2+kt,43,Praha 5,12000
3+1,99,Praha 5,27000
4+1,170,Praha 1,92000
1+1,45,Praha,7800
2+1,55,Praha 4,23000
3+kt,99,Praha 1,24000
4+kt,240,Praha 4,40000
1+kt,30,Praha 5,25000
1+kt,33,Praha 9,14000
2+kt,55,Praha 5,35000
3+1,95,Praha,32000
3+1,76,Praha 1,18000
2+kt,60,Praha 2,23000
3+1,117,Praha 1,28000
3+kt,122,Praha 2,35000
3+kt,81,Praha 5,29000
3+kt,122,Praha 2,35000
3+kt,110,Praha 5,39000
3+1,120,Praha 5,38000
2+kt,57,Praha 5,22000
5+kt,190,Praha 2,55000
4+kt,101,Praha 5,30000
4+1,200,Praha 1,90000
3+kt,57,Praha 6,17000
2+kt,64,Praha 2,29000
5+1,162,Praha 6,55000
2+1,49,Praha 5,16500
3+1,72,Praha 5,24000
4+kt,98,Praha 7,38000
3+kt,77,Praha 6,28000
2+1,60,Praha 1,16000
2+kt,50,Praha 5,32000
3+1,80,Praha 4,19000
3+kt,70,Praha 2,24000
2+kt,50,Praha 4,13500
2+kt,64,Praha 2,23000
2+kt,40,Praha 6,25000
3+1,90,Praha 3,25000
1+kt,28,Praha,8500
2+1,78,Praha 7,19500
,386,Praha 6,100000
2+kt,46,Praha 5,17000
2+kt,45,Praha 5,14000
3+1,96,Praha 1,25000
3+kt,110,Praha 2,26500
3+kt,105,Praha 2,30000
2+kt,50,Praha 2,21500
3+kt,210,Praha 5,45000
2+kt,49,Praha 1,14600
3+kt,62,Praha 1,30000
2+1,72,Praha 5,18000
3+1,94,Praha 5,42000
2+kt,57,Praha 4,13500
,211,Praha,42000
2+1,90,Praha 1,26000
3+1,110,Praha 1,42000
1+1,46,Praha 4,13800
3+kt,143,Praha 1,50000
2+1,54,Praha 6,15000
2+kt,50,Praha 2,21500
2+1,50,Praha 8,18000
2+kt,60,Praha 5,17000
2+kt,68,Praha 2,22500
2+kt,63,Praha 9,15000
2+1,70,Praha 9,14000
2+kt,55,Praha 8,22500
3+kt,95,Praha 4,45000
2+kt,57,Praha 4,20000
2+kt,51,Praha 4,18000
3+1,80,Praha,19999
3+kt,93,Praha 7,41000
3+kt,82,Praha 6,22000
3+kt,100,Praha 2,45000
2+kt,53,Praha 4,11000
3+1,75,Praha 2,19000
1+kt,28,Praha 9,11000
3+kt,93,Praha 3,34800
3+kt,113,Praha 1,23500
3+kt,65,Praha,16000
2+kt,50,Praha 3,16900
3+kt,79,Praha 9,21000
2+kt,64,Praha 5,13500
2+kt,42,Praha 9,14000
2+kt,50,Praha 6,17000
2+1,54,Praha 9,16000
3+kt,50,Praha 9,18000
3+kt,113,Praha 5,43500
4+kt,180,Praha 8,34500
2+1,65,Praha 4,8300
2+kt,55,Praha 8,17000
3+1,118,Praha 2,32000
unusual,219,Praha 1,99000
1+kt,29,Praha 1,12900
4+kt,118,Praha 4,22000
4+1,110,Praha 8,25000
4+kt,117,Praha 9,21000
3+kt,86,Praha 2,26000
3+1,86,Praha 4,15000
2+kt,45,Praha 8,20000
2+kt,54,Praha 1,17000
flatshare,20,Praha 9,7500
2+kt,66,Praha 1,35000
unusual,300,Praha 4,65000
2+kt,45,Praha 5,20000
4+kt,152,Praha 1,65000
3+kt,138,Praha 1,40000
3+kt,60,Praha 1,24700
2+1,68,Praha 4,17000
1+1,45,Praha 3,15000
3+kt,105,Praha 3,31000
2+kt,50,Praha 2,35000
3+kt,85,Praha 1,26000
4+kt,120,Praha 5,30000
3+kt,60,Praha 9,14000
2+kt,52,Praha 4,17000
2+kt,62,Praha 9,19000
1+kt,32,Praha 5,15000
2+kt,90,Praha 1,27000
4+1,165,Praha 1,92000
2+kt,47,Praha 3,28000
5+kt,232,Praha,60000
3+kt,183,Praha,49000
4+kt,207,Praha,55000
4+kt,103,Praha 3,21500
3+kt,67,Praha 1,16000
2+kt,65,Praha 1,35000
2+kt,45,Praha 3,17000
1+kt,41,Praha 5,13500
2+kt,56,Praha 6,16000
2+kt,50,Praha 5,31500
1+kt,30,Praha 5,24500
4+kt,121,Praha 1,29000
3+kt,100,Praha 2,43000
3+kt,93,Praha 7,41000
5+kt,201,Praha 4,39000
4+1,121,Praha,20000
1+kt,27,Praha 1,13500
2+1,60,Praha 2,22000
4+1,120,Praha 5,27500
1+kt,31,Praha 1,12500
2+kt,82,Praha 1,24900
2+kt,65,Praha,17000
1+1,70,Praha,13900
2+kt,88,Praha 5,19000
2+1,53,Praha 1,15000
,300,Praha,65000
2+kt,53,Praha 5,25000
3+1,136,Praha 1,40000
4+1,152,Praha 6,48000
3+kt,98,Praha 1,55000
1+kt,37,Praha 5,18000
5+1,226,Praha 1,85000
4+1,150,Praha 1,79000
3+1,110,Praha 1,55000
4+kt,103,Praha 3,
3+kt,110,Praha 6,42000
2+1,48,Praha 1,19500
3+1,80,Praha 2,26000
3+kt,83,Praha 3,35000
2+kt,62,Praha 2,21000
3+1,95,Praha 2,35000
2+kt,52,Praha 1,16000
3+kt,80,Praha 6,20000
1+1,40,Praha 3,15000
2+kt,64,Praha 9,18359
2+kt,35,Praha 9,13000
1+1,35,Praha 4,19000
unusual,64,Praha 6,17300
2+kt,54,Praha 1,15500
2+kt,60,Praha 1,16500
2+1,50,Praha 1,14000
2+kt,63,Praha 1,16500
3+1,150,Praha 1,65000
3+kt,115,Praha 5,36000
2+kt,72,Praha 1,34000
4+1,147,Praha 2,58000
4+kt,90,Praha 7,26500
2+kt,56,Praha 6,16000
,290,Praha 4,65000
2+kt,65,Praha 3,18000
3+1,63,Praha 6,21000
2+1,51,Praha 6,13000
3+kt,80,Praha 2,52000
4+1,170,Praha 6,48000
4+1,198,Praha 6,65000
5+1,225,Praha 5,100000
5+1,200,Praha 6,67500
4+1,225,Praha 5,65000
2+1,190,Praha 5,35000
4+kt,116,Praha 5,39000
2+kt,53,Praha 1,15000
2+1,71,Praha 2,35000
2+kt,49,Praha 1,15000
1+kt,24,Praha 3,16000
2+kt,60,Praha 3,15000
3+kt,80,Praha 7,27000
3+kt,73,Praha 6,21000
2+kt,44,Praha 8,14990
2+1,95,Praha 2,24999
2+kt,50,Praha,16000
1+1,46,Praha 4,
1+1,45,Praha 4,
2+1,57,Praha 4,
4+1,220,Praha 1,150000
3+kt,93,Praha 3,60253
1+kt,44,Praha 1,12100
2+1,49,Praha 7,15000
2+kt,70,Praha 7,24500
2+1,62,Praha 4,
1+1,33,Praha 4,
3+kt,109,Praha 4,45000
2+kt,40,Praha,16000
2+kt,43,Praha 4,
2+kt,58,Praha 5,29900
1+kt,48,Praha 8,13000
3+kt,98,Praha 8,40000
4+kt,190,Praha,
4+kt,118,Praha 5,35000
1+kt,42,Praha 1,16000
3+kt,103,Praha 2,39000
2+kt,53,Praha,14500
2+1,60,Praha 1,15500
2+kt,43,Praha 3,20500
4+kt,168,Praha 2,59000
3+kt,70,Praha 2,24000
2+kt,55,Praha 5,15000
1+kt,46,Praha 5,10000
2+kt,67,Praha 7,21800
4+kt,111,Praha 1,39000
2+kt,64,Praha 4,17000
2+kt,60,Praha 1,18680
2+1,55,Praha 5,16500
3+1,135,Praha 2,48000
5+1,198,Praha 6,65000
1+1,45,Praha 1,20000
5+kt,343,Praha 2,175000
3+1,130,Praha 1,55000
5+1,180,Praha 2,120000
4+kt,166,Praha 3,120815
2+kt,52,Praha,15500
2+kt,43,Praha 8,13500
2+1,120,Praha 1,27000
5+kt,220,Praha 6,40000
4+1,181,Praha 5,54000
5+1,202,Praha 2,105000
1+kt,25,Praha 8,12000
4+1,144,Praha 3,44000
2+kt,64,Praha 5,20000
1+kt,38,Praha 2,22000
3+kt,99,Praha 2,52000
2+kt,76,Praha 2,45000
4+kt,200,Praha 3,119000
4+kt,126,Praha 2,71000
2+kt,40,Praha 2,22000
3+1,79,Praha 8,18000
2+kt,58,Praha 5,16000
2+kt,41,Praha 2,18500
1+kt,39,Praha 1,12000
2+1,80,Praha 2,22500
5+1,174,Praha 1,67000
2+kt,42,Praha 1,13000
2+kt,76,Praha 3,25000
2+1,57,Praha 1,19000
4+1,133,Praha 6,27500
3+kt,100,Praha 3,27999
2+kt,61,Praha 1,18700
1+1,35,Praha,10990
4+kt,150,Praha 2,71000
3+kt,87,Praha 2,45000
2+kt,62,Praha 9,18500
3+kt,98,Praha 1,26000
4+kt,100,Praha 6,35000
1+1,40,Praha 2,21000
2+kt,88,Praha 6,28000
3+kt,95,Praha 7,25000
3+kt,88,Praha 6,29000
2+1,64,Praha 6,14500
1+kt,35,Praha 2,21000
2+kt,55,Praha,12500
2+kt,53,Praha 2,24000
1+kt,30,Praha 5,25000
2+kt,42,Praha 2,24000
3+kt,100,Praha,23000
3+1,93,Praha 2,24000
4+kt,148,Praha 2,71000
3+1,96,Praha 2,45000
3+kt,100,Praha 3,31000
2+kt,88,Praha 3,27000
3+1,107,Praha 1,22000
1+kt,31,Praha 4,15000
2+1,86,Praha 5,22500
4+kt,100,Praha 5,30000
3+1,108,Praha 2,38000
3+1,73,Praha,20000
3+1,100,Praha 2,50000
5+1,307,Praha 1,150000
5+1,220,Praha,65000
5+1,225,Praha,55000
2+kt,56,Praha 3,17500
3+1,75,Praha 1,9500
4+kt,92,Praha 3,37000
2+1,72,Praha 2,21000
4+1,200,Praha 1,35000
3+kt,97,Praha 2,38000
2+kt,53,Praha 2,24000
3+kt,96,Praha 2,39000
3+kt,100,Praha 1,30000
3+kt,80,Praha 1,23000
3+1,106,Praha 2,50000
5+kt,185,Praha 5,54000
2+kt,68,Praha 2,26000
1+kt,50,Praha,20000
2+kt,45,Praha 6,15000
1+1,47,Praha 6,14500
4+1,176,Praha 7,33500
3+kt,100,Praha 3,27999
2+kt,173,Praha 3,40000
2+1,106,Praha 1,42000
2+1,74,Praha 1,19370
4+kt,116,Praha 6,42000
3+kt,92,Praha 9,20000
4+kt,118,Praha 5,35000
2+kt,50,Praha 2,28000
2+kt,58,Praha 1,18000
2+kt,53,Praha,14900
4+1,198,Praha 6,65000
2+1,55,Praha 4,14000
5+kt,133,Praha 5,55000
3+kt,87,Praha 4,20000
2+1,68,Praha 8,13000
2+kt,55,Praha 5,31500
4+1,198,Praha 6,65000
3+1,70,Praha 4,20000
1+kt,38,Praha 2,20000
2+kt,85,Praha 1,15500
2+1,80,Praha 4,25000
3+kt,136,Praha 2,50000
flatshare,14,Praha 3,6000
3+kt,117,Praha 5,25000
2+kt,48,Praha 8,16300
1+1,30,Praha 4,10800
3+kt,68,Praha 4,16000
2+1,57,Praha 4,14000
3+1,108,Praha 7,38000
5+kt,235,Praha 1,70000
3+kt,62,Praha 1,30000
2+1,84,Praha 1,32000
3+kt,100,Praha 3,35000
4+kt,200,Praha 3,119000
3+kt,89,Praha 5,25000
3+kt,89,Praha 5,25000
,386,Praha 6,100000
5+1,183,Praha 2,
2+kt,35,Praha 3,13000
2+kt,71,Praha 6,20900
2+kt,85,Praha 1,30000
4+kt,120,Praha 1,80000
2+1,80,Praha,23000
4+1,140,Praha 1,33000
2+kt,45,Praha 2,24000
4+1,200,Praha 7,60000
5+kt,146,Praha 8,48000
2+kt,56,Praha,18000
1+kt,46,Praha 5,15000
1+kt,35,Praha,21000
flatshare,20,Praha 5,4800
3+1,101,Praha 6,37000
2+kt,30,Praha 5,12000
2+kt,56,Praha 2,24000
2+kt,40,Praha 3,19000
1+kt,20,Praha 9,11000
2+kt,49,Praha 6,18000
4+kt,78,Praha 3,20000
2+kt,42,Praha 2,24000
2+kt,57,Praha 9,16500
3+kt,84,Praha 5,29000
4+1,122,Praha 6,30000
3+kt,100,Praha 2,38000
3+kt,103,Praha 1,33000
1+kt,35,Praha 2,21000
2+kt,56,Praha 3,17500
2+1,76,Praha 1,41500
2+1,77,Praha 1,38000
2+kt,65,Praha 1,35000
4+1,200,Praha 1,90000
3+kt,70,Praha 6,22000
4+kt,112,Praha 1,32000
1+kt,40,Praha,14000
5+kt,235,Praha 1,70000
3+kt,90,Praha 6,22000
4+kt,223,Praha 1,40000
2+kt,64,Praha 5,20000
3+1,105,Praha 5,60000
1+kt,34,Praha 2,23600
2+kt,50,Praha 2,26000
1+kt,41,Praha 2,24100
3+kt,74,Praha 1,27000
4+1,160,Praha 1,60000
2+kt,36,Praha 2,14000
3+kt,93,Praha 2,35900
2+kt,60,Praha 9,13800
2+kt,45,Praha 2,19000
2+kt,38,Praha 2,18000
2+kt,53,Praha 2,20000
3+kt,97,Praha 2,35000
2+kt,42,Praha 6,12490
2+kt,48,Praha 2,24000
3+kt,97,Praha 4,35000
3+kt,65,Praha 5,14500
3+kt,75,Praha 5,18000
2+kt,67,Praha 5,20000
5+1,185,Praha 2,120000
flatshare,17,Praha 3,10500
1+kt,35,Praha 2,11000
2+1,85,Praha 8,20000
1+kt,35,Praha 2,21000
unusual,140,Praha 1,39000
3+kt,76,Praha 8,28000
5+kt,220,Praha 6,40000
2+kt,48,Praha 2,24000
1+kt,35,Praha 2,21000
3+kt,110,Praha 2,40000
2+kt,42,Praha 2,24000
2+kt,42,Praha 2,24000
1+1,40,Praha 2,21000
1+kt,22,Praha 7,9500
2+1,67,Praha,27000
2+kt,58,Praha 1,18000
4+kt,122,Praha 1,50000
3+kt,86,Praha 8,31000
4+1,134,Praha 1,
2+kt,59,Praha 9,17000
2+kt,65,Praha 7,24000
2+kt,58,Praha 5,20000
1+kt,43,Praha 2,28000
2+kt,77,Praha 5,25000
2+1,50,Praha 2,19000
4+kt,128,Praha 6,36000
3+1,117,Praha,28000
1+kt,59,Praha 5,25000
1+kt,34,Praha 1,11700
2+kt,53,Praha 9,13250
3+kt,92,Praha 3,30000
4+kt,194,Praha 7,75000
4+kt,174,Praha 2,50000
2+kt,67,Praha 6,22000
4+1,130,Praha 1,45000
2+kt,38,Praha 2,21000
2+kt,54,Praha 6,16500
2+kt,67,Praha 7,25000
4+1,134,Praha 1,
3+1,30,Praha 6,37000
4+kt,106,Praha 6,42000
2+kt,64,Praha 5,20000
1+kt,35,Praha 1,20500
2+kt,46,Praha 5,22000
2+kt,45,Praha 5,22000
2+kt,70,Praha 5,21000
3+kt,64,Praha 6,25000
4+kt,135,Praha 2,31000
1+kt,40,Praha 6,23000
4+kt,90,Praha 6,35000
3+kt,177,Praha 3,29990
1+1,32,Praha 2,17000
2+1,50,Praha 2,19000
3+kt,60,Praha 5,19000
1+kt,28,Praha 6,9500
1+kt,25,Praha 1,15000
3+1,145,Praha 1,60000
2+1,82,Praha 6,19000
3+kt,67,Praha 9,22500
4+kt,240,Praha 3,70000
3+kt,95,Praha 1,39000
2+kt,65,Praha 1,19000
2+kt,40,Praha 5,14000
1+1,38,Praha 4,14000
3+kt,67,Praha,15000
2+kt,89,Praha 2,23500
2+kt,53,Praha,16000
5+kt,137,Praha 2,45000
4+kt,110,Praha 6,45000
4+kt,146,Praha 2,65000
1+kt,45,Praha 5,20000
2+kt,57,Praha 4,23000
3+kt,65,Praha 9,15000
1+kt,30,Praha,13000
3+kt,84,Praha,29000
2+kt,70,Praha 4,15000
2+kt,73,Praha 8,32000
2+kt,68,Praha,25000
3+kt,78,Praha 1,25800
1+1,41,Praha,16500
3+kt,85,Praha 2,45000
2+kt,57,Praha 4,14500
,280,Praha 2,89000
2+kt,70,Praha 5,31000
2+kt,55,Praha 2,24000
1+kt,24,Praha 1,10500
1+kt,35,Praha 2,17000
4+kt,155,Praha 5,45000
2+kt,56,Praha 8,25000
2+kt,55,Praha 3,16000
2+kt,73,Praha 6,20000
2+kt,75,Praha 4,19000
1+kt,28,Praha 3,13900
2+kt,49,Praha 9,16500
1+kt,38,Praha 3,15000
2+kt,91,Praha 8,32000
2+kt,70,Praha,24000
2+1,106,Praha 3,20000
4+kt,183,Praha,120000
2+kt,111,Praha 1,20000
2+1,80,Praha 4,25000
2+kt,89,Praha 8,32000
3+1,103,Praha 1,37000
3+kt,120,Praha 1,49500
flatshare,12,Praha,6000
2+kt,80,Praha,15000
2+kt,75,Praha 8,32000
3+kt,75,Praha 5,25000
1+kt,30,Praha 1,13000
2+kt,68,Praha 5,22500
3+kt,85,Praha 2,28000
1+1,34,Praha,14999
4+kt,72,Praha 4,18000
3+kt,95,Praha 7,29990
1+kt,27,Praha 3,13900
3+kt,93,Praha 3,60253
3+1,105,Praha 2,25000
1+1,35,Praha 9,13000
1+kt,20,Praha 7,10000
4+kt,142,Praha 2,87000
2+kt,61,Praha 3,24500
3+1,107,Praha 3,37000
3+kt,95,Praha 3,22800
3+kt,73,Praha 1,36400
3+kt,116,Praha 3,50000
2+kt,55,Praha 6,12500
2+1,120,Praha 5,39900
3+kt,102,Praha 1,33000
5+1,182,Praha 3,35000
4+1,130,Praha,39999
2+kt,60,Praha 1,15000
2+kt,74,Praha 1,31000
4+1,181,Praha 5,54000
2+kt,84,Praha 3,22000
4+kt,100,Praha 5,30000
3+1,104,Praha,23000
1+kt,58,Praha 3,28000
3+kt,128,Praha 2,39000
2+1,78,Praha 5,17300
2+kt,92,Praha 1,47000
3+kt,87,Praha 2,30000
2+kt,60,Praha 2,35000
3+kt,87,Praha 2,30000
2+1,92,Praha 1,47000
5+kt,200,Praha 2,105000
5+kt,170,Praha 6,49000
3+kt,100,Praha 3,19000
2+kt,80,Praha 1,40000
3+1,110,Praha 1,42980
3+kt,140,Praha 1,75000
2+kt,50,Praha 2,26000
3+kt,81,Praha 5,25000
5+1,225,Praha 1,55000
3+kt,138,Praha 1,50000
3+kt,100,Praha 5,30000
4+kt,143,Praha 1,56000
2+kt,71,Praha 4,17000
3+1,70,Praha 9,14990
1+1,52,Praha 3,20000
2+kt,67,Praha 2,23400
unusual,131,Praha 2,29999
,280,Praha 2,65000
2+1,80,Praha 1,54000
3+1,83,Praha 5,16600
4+kt,129,Praha 6,52000
2+kt,63,Praha,19900
2+kt,53,Praha 8,23000
4+kt,97,Praha 4,37000
3+kt,72,Praha 6,18990
2+kt,50,Praha 1,17000
2+1,79,Praha 2,27400
3+kt,70,Praha 7,15000
2+kt,52,Praha 5,19000
5+kt,170,Praha 1,70000
4+1,147,Praha 6,38000
4+1,120,Praha 1,55000
4+kt,130,Praha 1,60000
4+kt,120,Praha 7,45000
3+kt,78,Praha,30000
2+1,55,Praha 9,15000
4+kt,129,Praha 4,35000
3+1,67,Praha 8,24000
2+kt,40,Praha 6,12000
2+kt,61,Praha 1,18700
3+kt,97,Praha 9,20000
2+kt,42,Praha 2,26000
1+kt,32,Praha 6,15000
4+1,115,Praha 2,48000
2+kt,45,Praha 8,15000
2+kt,63,Praha 1,17000
2+kt,63,Praha 5,17000
2+kt,56,Praha 7,
3+kt,100,Praha 1,30000
1+kt,35,Praha,13000
2+1,77,Praha 2,26900
2+kt,56,Praha 7,
2+1,57,Praha 2,20990
1+kt,33,Praha 4,14900
1+kt,38,Praha 5,10350
2+kt,80,Praha 3,22000
3+1,67,Praha 4,15000
4+kt,117,Praha 1,29900
3+kt,70,Praha 8,24000
4+kt,130,Praha 4,29000
1+kt,35,Praha 2,19000
2+kt,65,Praha 3,18000
2+kt,58,Praha 1,18000
2+1,77,Praha 1,85000
2+1,53,Praha 6,20490
4+kt,164,Praha 6,55000
2+kt,67,Praha 8,24000
2+kt,45,Praha 8,16500
2+kt,55,Praha 8,23000
2+kt,64,Praha 7,
3+kt,86,Praha 8,30000
2+kt,53,Praha 5,15500
3+1,82,Praha 4,19500
3+kt,64,Praha 4,15000
4+kt,146,Praha 2,65000
4+kt,120,Praha 3,50000
1+kt,54,Praha 5,12000
unusual,83,Praha 6,17000
3+1,93,Praha 4,19000
2+kt,52,Praha 8,15000
1+kt,54,Praha 8,19000
3+kt,73,Praha 6,21000
4+1,150,Praha 7,29500
3+kt,70,Praha 8,23500
1+kt,46,Praha,25000
2+1,72,Praha 3,20000
3+kt,49,Praha 1,21000
3+kt,110,Praha 2,39490
3+kt,127,Praha 2,44900
4+kt,129,Praha 2,49900
3+1,70,Praha 9,17500
5+kt,240,Praha 1,90000
3+1,85,Praha 2,30500
3+kt,124,Praha 8,40000
5+1,178,Praha 5,53000
1+kt,34,Praha 4,12000
2+kt,42,Praha 8,19000
2+kt,61,Praha,22500
2+kt,55,Praha,22500
3+kt,111,Praha 2,35000
5+1,184,Praha 1,95000
3+kt,94,Praha 8,45000
1+kt,30,Praha 5,25000
3+1,108,Praha 2,38723
2+1,94,Praha 1,40000
2+1,47,Praha 2,23492
3+1,81,Praha 2,37432
2+1,63,Praha,16000
4+1,123,Praha 5,43886
5+1,184,Praha 1,116168
2+kt,64,Praha 5,20000
2+1,73,Praha 1,42466
5+kt,195,Praha 7,75000
2+1,92,Praha 1,47113
3+1,94,Praha 1,47113
3+kt,94,Praha 2,35900
2+kt,34,Praha 2,22000
5+1,185,Praha 7,50000
2+kt,54,Praha 5,21000
2+kt,50,Praha 1,13500
4+kt,88,Praha 9,25000
1+kt,44,Praha 2,18000
3+1,78,Praha 8,20000
3+kt,87,Praha 2,38000
2+1,41,Praha 8,16000
1+1,37,Praha 4,11000
2+1,70,Praha 7,28700
3+kt,93,Praha 3,60253
,208,Praha 2,79900
2+1,59,Praha 1,15000
3+kt,224,Praha 9,25000
4+1,105,Praha 2,30000
3+kt,93,Praha 3,35057
2+kt,50,Praha,21000
3+kt,100,Praha 1,42000
2+kt,42,Praha 1,22000
2+kt,65,Praha 1,32000
2+1,53,Praha 7,19000
2+kt,67,Praha 4,20000
2+kt,49,Praha 7,18000
,200,Praha 5,75000
1+kt,40,Praha 9,13000
3+kt,120,Praha 5,28000
2+kt,41,Praha 5,13800
1+kt,16,Praha 5,13700
4+kt,140,Praha 4,32000
2+kt,50,Praha,19000
2+kt,53,Praha 2,18000
2+kt,58,Praha,22000
3+kt,84,Praha 6,22000
4+1,160,Praha 1,38000
2+kt,40,Praha 4,12500
3+kt,73,Praha 2,31000
2+1,80,Praha 3,18000
2+kt,52,Praha 6,21500
4+kt,75,Praha 4,25000
3+kt,73,Praha 2,31000
2+1,48,Praha 9,16500
2+kt,54,Praha 5,15000
3+kt,93,Praha 7,41000
1+kt,37,Praha 9,18000
4+kt,90,Praha 1,30000
3+kt,119,Praha 1,47935
2+1,80,Praha 7,22500
1+kt,24,Praha 1,11000
2+1,92,Praha 1,47000
1+kt,20,Praha 1,10500
2+1,70,Praha 5,23000
2+kt,69,Praha 2,23400
3+1,108,Praha 1,30000
1+1,52,Praha 1,12500
unusual,120,Praha 2,35000
2+kt,40,Praha 5,12900
2+kt,56,Praha 5,14900
2+kt,73,Praha 2,29500
4+kt,150,Praha 6,50000
3+1,103,Praha 2,30000
2+1,75,Praha 1,28000
3+kt,67,Praha 1,15500
4+kt,107,Praha 5,37000
,200,Praha 5,79900
,200,Praha 5,75000
4+kt,170,Praha 6,67000
2+1,90,Praha 3,23000
4+1,132,Praha 7,38280
3+1,126,Praha 1,38000
3+kt,93,Praha 3,60253
,269,Praha 6,90000
3+1,110,Praha 1,48000
4+kt,200,Praha 3,119000
4+kt,127,Praha 2,45000
4+kt,155,Praha 5,45000
3+1,96,Praha 1,21000
3+1,60,Praha 1,40000
3+kt,100,Praha 7,37000
2+1,60,Praha 2,20000
2+kt,54,Praha 5,17900
2+kt,48,Praha 5,25000
2+kt,55,Praha 2,15000
2+kt,63,Praha 6,18950
1+kt,24,Praha 3,16000
1+kt,41,Praha 4,11400
4+kt,107,Praha,29000
2+kt,55,Praha 7,17500
2+1,69,Praha,23000
3+1,121,Praha 2,28000
4+kt,110,Praha 1,40000
3+1,108,Praha 7,38000
2+kt,65,Praha 3,22500
,270,Praha 6,90000
4+1,160,Praha 1,60000
3+1,82,Praha 4,20000
4+1,212,Praha 1,90000
3+1,110,Praha 1,55000
2+kt,53,Praha,20500
4+kt,192,Praha 5,59000
3+1,62,Praha 4,16200
4+1,200,Praha 2,105000
3+1,90,Praha 8,25000
4+kt,166,Praha 3,120815
4+1,150,Praha 5,35000
3+kt,76,Praha 8,30000
2+kt,76,Praha 5,16500
2+1,72,Praha 1,23500
4+kt,103,Praha 3,
1+kt,29,Praha 1,19000
4+1,200,Praha 2,105000
3+kt,92,Praha 2,38000
3+kt,110,Praha 2,40000
1+kt,30,Praha,4600
3+kt,93,Praha 3,60253
2+1,76,Praha 6,23000
3+1,200,Praha 3,119000
2+kt,71,Praha 1,22290
2+1,80,Praha 1,85000
1+kt,27,Praha 9,10200
3+1,95,Praha 5,36000
2+kt,61,Praha 5,15500
3+kt,122,Praha 2,35000
4+kt,134,Praha 3,90611
4+kt,100,Praha 6,35000
2+kt,50,Praha 2,26000
1+kt,31,Praha 4,12000
2+kt,79,Praha 1,19500
1+kt,60,Praha 3,18000
2+kt,54,Praha 5,20000
3+kt,132,Praha,40000
1+1,39,Praha 8,10500
5+1,225,Praha 1,55000
2+kt,45,Praha 2,15500
1+kt,24,Praha 3,16000
2+kt,52,Praha 4,18000
2+kt,93,Praha 6,25000
2+1,95,Praha 3,25000
3+kt,61,Praha 7,19500
3+kt,102,Praha 2,39500
3+kt,102,Praha 2,35000
2+kt,50,Praha 8,16000
1+kt,44,Praha 9,15500
1+1,54,Praha 2,14000
2+kt,53,Praha 9,15499
5+kt,397,Praha 8,
3+kt,83,Praha,24990
1+1,41,Praha 2,19500
2+kt,60,Praha 1,24000
2+kt,65,Praha 5,22000
4+kt,168,Praha 7,80000
2+kt,45,Praha 5,27000
3+kt,92,Praha 2,38000
5+kt,220,Praha 6,45000
4+kt,166,Praha 3,120815
3+kt,84,Praha 3,30000
1+kt,30,Praha 1,15000
3+kt,174,Praha 2,61000
3+1,160,Praha 1,90000
5+1,242,Praha 2,135000
5+1,182,Praha 4,55000
4+kt,170,Praha 2,59000
3+kt,93,Praha 3,45151
3+kt,85,Praha 1,30000
3+1,101,Praha 6,37000
1+kt,39,Praha 3,23000
3+kt,93,Praha 3,45151
3+kt,89,Praha 4,19900
3+1,87,Praha 2,30000
3+kt,90,Praha,34990
1+1,28,Praha 8,14000
3+kt,60,Praha 5,20000
2+kt,88,Praha 6,28000
3+1,81,Praha 8,21000
2+kt,90,Praha 3,40272
2+1,45,Praha 1,21000
3+kt,85,Praha 2,38000
2+kt,42,Praha 2,24000
3+kt,100,Praha 7,40000
1+kt,35,Praha 2,21000
3+kt,145,Praha 7,48000
2+1,56,Praha 8,17000
1+kt,35,Praha 2,21000
4+1,200,Praha,50000
2+kt,54,Praha 3,21800
1+kt,47,Praha 6,22000
3+kt,75,Praha 4,18000
2+kt,54,Praha 3,21800
1+kt,30,Praha 3,17500
3+kt,100,Praha 7,40000
3+kt,85,Praha 2,36000
1+kt,24,Praha 2,14300
2+kt,63,Praha 4,17000
2+1,79,Praha 7,22500
5+1,202,Praha 2,105000
1+1,30,Praha 4,9500
2+kt,45,Praha 8,13900
2+kt,80,Praha 2,20000
3+kt,85,Praha,33000
2+1,75,Praha 6,19500
2+1,70,Praha 6,17500
3+1,125,Praha 6,28000
2+kt,43,Praha 4,12500
1+kt,42,Praha,10000
3+kt,93,Praha 3,45151
2+kt,57,Praha 5,17000
3+kt,76,Praha 8,28000
4+kt,200,Praha 3,119000
4+kt,219,Praha 5,70000
5+kt,133,Praha 5,55000
3+kt,93,Praha 3,60288
3+1,136,Praha 1,33000
3+kt,165,Praha 6,50000
2+kt,48,Praha 2,24000
3+kt,96,Praha 2,38723
2+kt,48,Praha 2,24000
2+kt,42,Praha 4,16000
4+1,200,Praha 1,90000
4+kt,92,Praha,32000
2+kt,56,Praha 1,16000
3+kt,80,Praha 5,21000
3+kt,120,Praha,21900
4+1,120,Praha 7,38280
2+kt,64,Praha 7,18600
3+kt,113,Praha 2,32000
2+1,55,Praha 2,21000
3+kt,60,Praha 9,18000
1+kt,36,Praha 9,11500
5+1,222,Praha 6,70000
3+kt,85,Praha 2,36000
3+kt,114,Praha 1,30000
1+kt,22,Praha 9,9000
1+kt,25,Praha 9,10000
2+kt,70,Praha,18000
4+kt,160,Praha 2,50000
3+kt,73,Praha 2,30000
2+kt,86,Praha 3,35000
1+kt,42,Praha 1,16000
4+kt,200,Praha 3,119000
4+kt,163,Praha,75000
2+kt,56,Praha 5,23000
2+kt,48,Praha 5,15000
5+kt,120,Praha,38000
2+kt,71,Praha 1,22290
2+kt,49,Praha 5,16000
4+1,157,Praha 2,50000
1+kt,25,Praha 5,12000
2+kt,115,Praha 1,42000
3+kt,50,Praha,19500
3+kt,76,Praha 5,22000
3+1,140,Praha,29500
2+kt,60,Praha 3,20000
1+kt,50,Praha 8,13000
2+1,80,Praha 1,54000
4+kt,137,Praha 3,93709
2+kt,49,Praha,20000
5+kt,250,Praha 7,85000
4+1,147,Praha 6,33000
2+kt,49,Praha 3,17000
2+kt,61,Praha 1,18700
2+kt,60,Praha 5,17500
3+1,104,Praha 1,48000
2+kt,54,Praha,20000
3+1,101,Praha 6,37000
3+1,107,Praha 2,38000
3+1,104,Praha 1,52000
2+kt,90,Praha 6,25000
1+kt,29,Praha 4,10000
2+1,54,Praha,17000
2+1,80,Praha 7,22000
2+kt,98,Praha 1,35000
2+kt,42,Praha 4,16000
2+kt,55,Praha 7,19500
2+1,75,Praha 2,24000
5+1,162,Praha 6,55000
2+kt,40,Praha,12000
1+kt,13,Praha 5,12700
2+1,80,Praha,23999
1+kt,14,Praha 5,12200
2+1,68,Praha,19900
3+kt,93,Praha 3,60253
1+1,40,Praha 3,14500
unusual,148,Praha 1,58000
3+kt,94,Praha 2,50000
1+kt,44,Praha 2,18000
5+1,180,Praha 1,67500
4+kt,155,Praha 2,35000
4+kt,170,Praha 3,120815
4+kt,142,Praha 3,120815
2+kt,89,Praha 3,40272
4+kt,137,Praha 3,93709
4+kt,137,Praha 3,90611
2+1,63,Praha 1,23780
2+kt,50,Praha 2,22000
1+kt,54,Praha 5,21000
2+1,63,Praha 1,20790
3+kt,100,Praha 5,60000
1+kt,45,Praha 5,16000
4+kt,195,Praha 7,75000
4+1,160,Praha 1,60000
3+1,116,Praha 1,42980
,214,Praha 3,50000
3+kt,100,Praha 8,22000
2+kt,55,Praha 2,26000
3+kt,86,Praha 8,32000
3+kt,136,Praha 1,60000
3+kt,67,Praha 6,27000
5+1,180,Praha 1,67500
2+kt,45,Praha 4,12500
2+kt,60,Praha 6,21000
1+kt,40,Praha 6,15000
3+kt,84,Praha 6,22000
2+kt,90,Praha 4,
5+1,225,Praha 1,55000
3+kt,73,Praha 1,36400
3+kt,91,Praha 6,22000
2+kt,45,Praha 1,22000
2+kt,62,Praha 8,28000
1+kt,40,Praha,14000
3+kt,85,Praha 1,41000
1+kt,35,Praha 8,17000
1+kt,30,Praha 7,19000
3+kt,85,Praha 2,45000
5+1,170,Praha 2,101500
3+1,70,Praha 4,21000
3+kt,80,Praha 3,34000
4+1,168,Praha 7,77445
5+1,202,Praha 2,105000
5+1,170,Praha 2,101970
2+kt,55,Praha 2,25000
3+kt,115,Praha 2,40000
3+kt,85,Praha 1,29000
2+kt,53,Praha 2,20500
2+kt,56,Praha 5,32000
2+kt,50,Praha 1,22000
3+1,115,Praha 1,48000
2+1,78,Praha 1,26000
2+kt,45,Praha,
4+kt,130,Praha,60000
2+kt,60,Praha 2,19500
3+kt,82,Praha 8,23000
2+kt,53,Praha 2,20500
1+kt,27,Praha 9,10000
,214,Praha 3,50000
4+kt,130,Praha 5,35000
3+1,108,Praha 2,38000
3+kt,71,Praha 5,28000
3+1,104,Praha 1,52000
3+1,107,Praha 2,38000
3+kt,104,Praha 1,45000
2+1,65,Praha 1,31000
3+kt,92,Praha 1,45000
4+kt,200,Praha 3,119000
4+1,132,Praha 7,38280
2+kt,60,Praha,25000
2+kt,51,Praha 4,16000
2+kt,46,Praha,13000
2+kt,40,Praha 5,15000
1+kt,38,Praha 9,11000
2+kt,64,Praha 5,20000
3+kt,64,Praha,17500
4+kt,79,Praha,19000
1+kt,19,Praha 9,12500
1+kt,55,Praha 8,21000
3+kt,87,Praha 2,38000
2+kt,54,Praha 3,22000
2+1,62,Praha 9,14490
3+1,100,Praha 2,32999
3+kt,83,Praha 5,28000
4+kt,250,Praha 3,69800
4+kt,79,Praha 3,20000
4+kt,110,Praha 2,60000
1+kt,44,Praha 2,18000
3+kt,120,Praha 5,40000
2+kt,50,Praha 8,20700
2+kt,77,Praha 4,
3+1,105,Praha,50000
1+kt,44,Praha 2,18000
1+kt,36,Praha,15000
2+kt,65,Praha 5,23500
1+kt,35,Praha 5,11500
1+kt,30,Praha 5,10500
4+kt,135,Praha 1,45000
2+kt,60,Praha,16000
2+kt,63,Praha 4,20999
3+kt,117,Praha 3,55245
,202,Praha 6,85000
3+kt,98,Praha 1,55000
4+kt,120,Praha 4,60000
2+1,60,Praha 7,18000
5+1,198,Praha 6,65000
2+1,59,Praha 8,19000
2+kt,57,Praha 8,15900
3+kt,92,Praha 8,30000
2+kt,64,Praha 5,19999
2+1,120,Praha 4,21000
2+kt,20,Praha 6,
2+kt,55,Praha 2,26000
3+kt,104,Praha 6,39000
4+kt,160,Praha,39000
3+kt,92,Praha 5,34000
3+1,130,Praha 1,55000
3+kt,88,Praha 8,20000
4+1,198,Praha 6,65000
2+kt,40,Praha 4,12000
3+kt,85,Praha 1,41000
3+1,95,Praha 5,42000
1+kt,38,Praha 2,28500
3+kt,93,Praha 7,41000
4+kt,142,Praha 7,38000
5+kt,130,Praha 5,30000
4+1,198,Praha 6,65000
3+kt,72,Praha 5,23500
1+1,40,Praha 6,19500
5+1,240,Praha 6,69500
,280,Praha 2,79000
flatshare,23,Praha 3,11000
unusual,550,Praha 2,
4+1,131,Praha 1,90353
4+1,186,Praha 6,33000
4+kt,100,Praha 9,21000
1+kt,42,Praha 1,23000
4+kt,108,Praha 3,31000
3+kt,115,Praha 5,31000
4+kt,227,Praha 3,119000
2+kt,80,Praha 1,32500
3+1,115,Praha 1,52000
2+kt,65,Praha 1,35000
5+kt,320,Praha 6,85000
2+kt,87,Praha 3,35000
3+1,78,Praha 5,
2+kt,67,Praha 3,24000
3+1,165,Praha 5,35000
3+kt,80,Praha 6,17000
2+kt,80,Praha 2,52000
2+1,55,Praha 2,26000
unusual,64,Praha 5,20000
3+1,110,Praha 4,24990
1+1,33,Praha 5,18999
2+kt,64,Praha 5,20000
3+kt,80,Praha,20000
2+kt,58,Praha 1,21000
2+kt,48,Praha 8,18000
2+kt,50,Praha 5,35000
5+kt,220,Praha 6,40000
1+kt,48,Praha 9,13000
2+kt,60,Praha 1,23000
3+kt,85,Praha 8,26000
4+kt,159,Praha 1,42000
1+kt,30,Praha 5,24500
2+kt,50,Praha 5,31500
1+kt,28,Praha,11000
2+kt,52,Praha 4,12000
3+kt,92,Praha 2,31000
3+kt,80,Praha 6,17000
1+kt,70,Praha,24500
2+kt,49,Praha 5,20000
2+kt,50,Praha 2,26000
3+kt,108,Praha 6,44000
5+kt,222,Praha 6,72000
3+1,95,Praha 2,32000
1+kt,15,Praha 5,13700
1+kt,16,Praha 5,13700
4+kt,135,Praha 6,45000
5+kt,225,Praha 5,65000
2+1,85,Praha,34000
5+kt,300,Praha 2,65000
2+1,94,Praha 1,40000
5+1,170,Praha 2,101800
4+kt,120,Praha 5,30000
4+kt,89,Praha 5,39000
3+1,86,Praha 4,16000
1+kt,28,Praha 4,13500
5+kt,186,Praha 6,90000
4+kt,197,Praha 6,120000
5+kt,150,Praha 1,50000
4+kt,140,Praha 2,45000
,280,Praha,65000
4+kt,120,Praha 1,53000
2+kt,83,Praha 1,22000
2+1,105,Praha,
,260,Praha 1,100000
2+kt,46,Praha 9,14900
,260,Praha 1,99000
2+kt,49,Praha 8,19000
1+1,40,Praha 1,29000
2+kt,57,Praha 1,26000
2+1,65,Praha 8,18000
2+kt,46,Praha 8,16000
1+1,36,Praha 8,15000
5+1,307,Praha 1,150000
4+kt,130,Praha,55000
,280,Praha 2,65000
2+kt,50,Praha 3,19500
3+kt,88,Praha 2,29500
5+kt,270,Praha 2,65000
,280,Praha 2,65000
2+1,73,Praha 2,23000
2+1,78,Praha 2,27400
3+1,144,Praha 2,57000
flatshare,13,Praha 4,9500
5+kt,200,Praha 1,120000
5+kt,204,Praha 1,100000
5+kt,250,Praha,65000
4+1,194,Praha 7,75000
5+1,207,Praha 2,75000
3+kt,92,Praha 1,72282
3+kt,95,Praha 9,30750
2+kt,94,Praha 1,40000
3+kt,85,Praha 2,38000
2+kt,48,Praha 2,22000
2+1,55,Praha 5,35000
4+kt,112,Praha 1,32000
1+kt,27,Praha 8,15000
3+1,110,Praha 1,29000
4+kt,111,Praha 8,38000
3+kt,104,Praha 6,39000
,500,Praha 6,145000
2+1,63,Praha 1,20790
2+1,80,Praha 6,27000
5+1,202,Praha 2,95000
3+kt,105,Praha 1,34000
1+kt,44,Praha 2,18000
2+kt,54,Praha 7,16500
5+1,172,Praha 1,45000
unusual,210,Praha 2,90000
2+kt,60,Praha 2,26000
2+1,70,Praha 3,17800
5+1,170,Praha 1,39000
3+kt,95,Praha 2,38000
3+kt,82,Praha 9,20900
4+kt,160,Praha 1,65000
5+kt,235,Praha 1,70000
3+1,102,Praha 1,35000
1+1,25,Praha 3,11500
3+kt,105,Praha 1,49000
1+kt,33,Praha 1,19800
4+kt,104,Praha 5,35000
5+1,202,Praha 2,105000
2+kt,65,Praha 5,24000
3+kt,80,Praha,38000
3+kt,87,Praha 2,38000
3+kt,105,Praha 1,65000
2+1,126,Praha 1,38000
3+kt,93,Praha 7,41000
2+1,73,Praha 1,43000
2+1,73,Praha 1,43000
2+kt,57,Praha,19999
unusual,214,Praha 7,75000
3+kt,137,Praha 8,40000
1+kt,49,Praha 1,25000
3+kt,93,Praha 7,41000
,200,Praha 5,80000
2+1,80,Praha 6,24500
1+kt,27,Praha 3,16000
3+1,94,Praha 5,42000
3+1,94,Praha 5,42000
4+kt,110,Praha,29900
3+kt,92,Praha 1,50000
2+kt,80,Praha 5,24000
1+kt,31,Praha 3,14500
3+1,100,Praha 1,29000
4+1,200,Praha 1,35000
4+kt,120,Praha 1,56000
4+kt,120,Praha 1,55000
4+kt,120,Praha 1,53000
1+kt,54,Praha,15000
1+kt,44,Praha,18000
3+1,85,Praha 4,23000
1+kt,45,Praha 5,
unusual,99,Praha 5,
2+kt,77,Praha 1,75000
3+1,76,Praha 6,21000
4+kt,120,Praha 1,54000
5+1,202,Praha 2,105000
4+kt,110,Praha 2,60000
2+kt,81,Praha 3,22000
2+1,127,Praha 1,50000
2+1,57,Praha 2,20990
5+kt,228,Praha 4,39000
3+1,144,Praha 2,58000
1+kt,36,Praha 5,17000
2+1,105,Praha 2,30000
3+kt,75,Praha 5,15000
1+kt,48,Praha 5,25410
3+kt,97,Praha 5,40000
3+kt,83,Praha 5,30000
3+kt,93,Praha 7,41000
unusual,195,Praha 7,75000
4+kt,195,Praha 7,75000
3+kt,78,Praha 6,20000
5+kt,300,Praha 5,70000
4+kt,122,Praha 1,56000
3+kt,85,Praha 1,25000
3+1,95,Praha 1,22500
3+kt,85,Praha 2,45000
5+kt,170,Praha 2,55000
3+1,95,Praha 1,24500
2+1,63,Praha 1,20790
1+kt,44,Praha 2,18000
3+kt,87,Praha 2,30000
4+1,184,Praha 1,95000
4+1,181,Praha 5,54000
2+kt,67,Praha 1,40000
5+kt,204,Praha 1,69000
5+kt,172,Praha 1,59000
4+kt,110,Praha 2,60000
2+kt,68,Praha 2,28000
3+1,110,Praha 1,29000
2+kt,67,Praha 1,35000
1+kt,70,Praha 5,19000
1+kt,44,Praha 2,18000
1+kt,44,Praha 2,18000
3+kt,100,Praha 6,30000
5+kt,220,Praha 1,100000
3+kt,117,Praha 1,63000
4+kt,118,Praha 5,35000
3+kt,70,Praha 1,17600
,300,Praha 4,65000
1+kt,50,Praha 6,22000
3+1,126,Praha 5,37000
2+kt,48,Praha 3,21000
3+1,144,Praha 2,58000
4+kt,120,Praha 3,50000
3+kt,120,Praha 1,33000
1+1,38,Praha 1,29000
2+1,45,Praha,18800
3+kt,72,Praha,25000
1+kt,30,Praha 5,25000
4+kt,143,Praha 1,50000
3+kt,68,Praha 2,28000
2+kt,64,Praha 5,19000
2+1,63,Praha 1,20790
5+1,178,Praha 6,65000
,219,Praha 1,99000
3+kt,116,Praha 3,55245
5+1,206,Praha 2,75000
2+kt,35,Praha 2,17000
1+kt,50,Praha 5,17000
4+kt,160,Praha 1,55000
4+kt,135,Praha,47500
2+kt,45,Praha 5,23000
4+1,145,Praha 5,35000
2+1,55,Praha 2,17000
2+1,80,Praha 1,54000
3+kt,115,Praha 8,39000
4+kt,107,Praha 5,37000
3+kt,93,Praha 2,39500
4+kt,170,Praha 2,55000
1+kt,30,Praha 9,13500
4+1,90,Praha 1,33000
1+kt,28,Praha 1,12000
2+kt,55,Praha 4,16000
3+1,104,Praha 5,30000
2+kt,45,Praha 5,22000
1+1,50,Praha 5,19000
3+kt,138,Praha 1,50000
4+kt,110,Praha 1,30000
2+kt,50,Praha 3,19500
4+kt,109,Praha 5,37000
4+kt,94,Praha 7,39000
3+1,108,Praha 7,39000
2+1,62,Praha 9,16000
4+1,220,Praha 1,35000
2+1,90,Praha 2,25900
4+kt,193,Praha 6,55000
4+kt,116,Praha 9,24000
5+1,178,Praha 6,65000
2+kt,72,Praha,22000
3+1,103,Praha 2,42000
4+kt,126,Praha 2,71000
unusual,45,Praha 8,14000
4+1,116,Praha 1,47000
3+1,129,Praha 2,70000
5+kt,250,Praha 3,95000
3+kt,136,Praha 1,33000
3+kt,136,Praha 1,33000
1+1,29,Praha 5,17500
3+1,140,Praha 3,45000
1+kt,30,Praha 5,20000
4+kt,120,Praha,22000
3+1,103,Praha 2,39000
2+kt,65,Praha 1,35000
3+1,144,Praha 2,57000
1+kt,32,Praha 5,13000
3+kt,92,Praha 2,38000
2+kt,60,Praha 1,17000
1+1,35,Praha 9,14000
unusual,40,Praha 1,17000
3+kt,100,Praha 9,21000
4+kt,119,Praha 1,54000
3+kt,165,Praha 5,35000
4+kt,145,Praha 3,44000
3+kt,75,Praha 6,22000
4+1,133,Praha 6,39000
4+1,203,Praha 1,90000
1+1,60,Praha 1,59000
3+kt,93,Praha 2,40000
1+kt,40,Praha 2,21000
3+kt,85,Praha 2,36000
3+1,108,Praha 7,38000
2+kt,60,Praha 2,26000
2+kt,56,Praha 2,24000
1+1,53,Praha 2,22000
4+kt,271,Praha 4,45000
2+kt,34,Praha 2,22000
2+kt,42,Praha 2,24000
2+1,88,Praha 1,38000
3+1,74,Praha 3,29900
2+kt,40,Praha 2,22000
,200,Praha,79900
3+kt,85,Praha 2,36000
3+kt,93,Praha 3,30000
4+kt,110,Praha 2,60000
3+kt,91,Praha 2,45000
2+kt,38,Praha 2,21000
4+1,162,Praha 1,60000
3+1,120,Praha 6,25000
1+kt,37,Praha 6,18000
2+kt,40,Praha 6,22000
4+kt,107,Praha 1,45000
2+kt,48,Praha 2,24000
3+kt,116,Praha 3,55245
3+kt,116,Praha 3,55245
3+1,90,Praha 4,18000
2+kt,87,Praha 3,40000
flatshare,25,Praha 1,9500
3+1,105,Praha 6,23000
3+kt,100,Praha 2,43000
3+kt,65,Praha 6,34000
5+kt,172,Praha 1,59000
4+kt,100,Praha 5,28000
4+1,110,Praha 5,20500
1+kt,35,Praha 2,21000
flatshare,20,Praha 4,4500
,200,Praha 5,79900
2+kt,59,Praha 8,23500
4+kt,140,Praha 2,45000
2+kt,50,Praha 2,28000
2+kt,82,Praha 1,37000
1+1,44,Praha 1,19000
3+1,119,Praha 1,48000
3+kt,145,Praha 7,48000
3+1,117,Praha 1,47000
2+kt,55,Praha 5,35000
1+kt,25,Praha 5,27500
,300,Praha 6,90000
3+kt,84,Praha 5,30000
4+kt,117,Praha 5,35000
2+kt,65,Praha 9,16000
2+kt,50,Praha 5,35000
3+kt,104,Praha 6,39000
1+kt,30,Praha 5,27500
3+kt,130,Praha 2,57000
1+kt,93,Praha 9,16000
3+kt,136,Praha 1,33000
2+kt,60,Praha 2,26000
2+kt,75,Praha 2,29000
2+kt,76,Praha 2,32000
2+kt,53,Praha 6,22000
2+kt,54,Praha 2,29000
2+kt,42,Praha 2,26000
1+kt,35,Praha 5,10500
,200,Praha 5,79900
2+kt,75,Praha 2,32000
2+kt,45,Praha 2,27000
1+1,40,Praha 2,21000
3+1,103,Praha 2,42000
2+1,80,Praha 7,22500
3+1,91,Praha 2,31500
4+kt,118,Praha 1,53000
,200,Praha 5,79900
4+1,203,Praha 1,90000
3+kt,106,Praha 4,35000
3+kt,65,Praha 4,19000
1+kt,24,Praha 1,15000
2+kt,46,Praha 5,11000
3+1,96,Praha 1,26000
2+kt,67,Praha 2,39300
3+kt,105,Praha 2,60500
1+kt,32,Praha 2,24000
2+kt,42,Praha 2,24000
2+kt,60,Praha 2,24000
4+kt,110,Praha 2,60000
2+kt,56,Praha 3,21000
2+kt,65,Praha 1,26000
3+1,110,Praha 1,50000
3+kt,99,Praha 1,49900
5+kt,155,Praha 8,29900
2+kt,56,Praha 2,24000
1+kt,34,Praha 5,13000
2+1,53,Praha 4,15000
3+1,117,Praha 6,28500
3+kt,96,Praha,36000
2+kt,65,Praha 6,16500
2+kt,50,Praha 5,20000
4+kt,95,Praha 5,35000
4+kt,150,Praha 6,48000
1+1,41,Praha 7,18500
3+kt,115,Praha 2,40000
1+kt,35,Praha 2,21000
3+1,110,Praha 1,48000
3+1,112,Praha 1,42000
3+1,115,Praha 1,48000
3+kt,200,Praha 2,61000
3+1,104,Praha 1,52000
2+kt,56,Praha 2,24000
1+kt,45,Praha 6,24000
1+1,40,Praha 2,22000
4+1,184,Praha 1,100000
4+kt,135,Praha 3,93709
4+kt,135,Praha 3,90611
4+kt,166,Praha 3,120815
4+1,184,Praha 1,95000
4+kt,93,Praha 1,31500
2+1,63,Praha 1,20790
2+1,69,Praha 2,18000
4+kt,135,Praha 3,90611
4+kt,139,Praha 3,120815
3+kt,90,Praha 6,34000
5+kt,134,Praha 5,50000
3+1,220,Praha 1,95000
2+kt,65,Praha 2,22000
4+kt,110,Praha 2,60000
4+kt,110,Praha,60000
2+kt,80,Praha 1,32500
3+1,110,Praha 1,42980
3+kt,94,Praha 2,35900
1+kt,25,Praha 1,16500
2+1,63,Praha 1,20790
2+kt,66,Praha 1,24000
2+kt,65,Praha 6,22000
3+kt,80,Praha 5,25000
3+1,99,Praha 5,27000
2+kt,47,Praha 5,27000
3+1,130,Praha,40000
1+kt,41,Praha 4,14900
4+kt,142,Praha 3,120815
2+kt,90,Praha 3,40272
3+kt,78,Praha 1,26000
4+1,251,Praha 1,59000
3+1,144,Praha 2,58000
2+1,70,Praha 7,20000
1+kt,35,Praha 2,22000
4+kt,120,Praha 1,55000
2+kt,89,Praha 3,40272
2+1,63,Praha 1,23780
4+1,184,Praha 1,100000
4+1,203,Praha 1,90000
2+1,51,Praha 4,12500
5+1,188,Praha 6,60000
4+kt,142,Praha 3,120815
2+1,63,Praha 1,23780
3+1,110,Praha 1,42980
2+1,63,Praha 1,23780
3+1,110,Praha 1,42980
1+kt,48,Praha,19000
3+kt,78,Praha 2,33000
3+kt,76,Praha 5,28000
2+kt,63,Praha 6,23000
3+kt,102,Praha 1,72600
2+1,68,Praha 1,19000
3+kt,120,Praha 5,49000
4+kt,98,Praha 5,48000
2+1,80,Praha 4,24000
2+kt,66,Praha 9,17000
2+kt,62,Praha 8,25000
1+kt,32,Praha 5,20652
1+1,40,Praha 2,21000
2+kt,78,Praha 6,19500
3+kt,116,Praha 3,55245
3+1,120,Praha 1,100679
3+kt,112,Praha 3,55245
2+kt,65,Praha 1,35000
1+kt,35,Praha 2,35000
2+1,120,Praha 3,34000
2+kt,45,Praha 2,24000
3+kt,64,Praha 1,31000
3+kt,84,Praha 7,29000
1+kt,40,Praha 1,31000
1+kt,35,Praha 2,30000
2+kt,81,Praha,20570
1+kt,33,Praha,15000
1+kt,27,Praha 1,12000
4+kt,167,Praha 5,40000
3+kt,93,Praha 7,30000
3+kt,100,Praha 6,21000
3+kt,126,Praha 2,44500
unusual,216,Praha 3,50000
4+1,125,Praha 1,45000
3+kt,170,Praha 1,45000
2+kt,75,Praha 1,35000
4+1,140,Praha 1,49500
unusual,126,Praha 7,41000
5+1,200,Praha 4,55000
3+1,154,Praha 1,59000
2+kt,42,Praha 5,28500
1+kt,32,Praha 6,9000
2+1,62,Praha 5,17000
,225,Praha 5,70000
5+1,225,Praha 5,65000
2+kt,75,Praha 2,32000
2+kt,54,Praha 2,27000
2+kt,53,Praha 2,27000
3+1,95,Praha 5,42000
4+kt,205,Praha 7,77000
4+1,140,Praha 1,65000
5+kt,170,Praha 2,55000
1+kt,92,Praha 6,22000
2+1,56,Praha 3,25000
1+kt,13,Praha 5,12700
4+1,124,Praha 1,82608
3+1,144,Praha 2,57000
2+1,75,Praha 2,29000
3+1,94,Praha 5,42000
3+1,143,Praha 3,45000
2+kt,92,Praha 1,47000
3+1,65,Praha 3,15000
unusual,234,Praha 1,50000
4+kt,119,Praha 5,45000
3+kt,120,Praha 1,35000
3+1,77,Praha 4,26000
3+1,105,Praha 1,50000
1+kt,35,Praha 2,21000
4+kt,165,Praha 3,120815
2+1,72,Praha 2,25500
3+kt,145,Praha 7,48000
5+1,175,Praha 6,65000
3+1,106,Praha 7,38000
3+kt,106,Praha 7,38000
2+kt,40,Praha 8,19000
1+kt,15,Praha 5,13700
4+kt,188,Praha 2,55000
4+1,181,Praha 5,54000
3+1,73,Praha 1,36400
2+kt,65,Praha 2,50000
3+kt,64,Praha 1,31000
3+1,136,Praha 1,33000
2+kt,92,Praha 1,47000
4+1,181,Praha 5,54000
3+kt,122,Praha 2,35000
2+1,112,Praha 1,47000
2+1,94,Praha 1,40000
4+1,170,Praha 1,78000
3+kt,114,Praha 2,50000
2+kt,92,Praha 1,47000
3+kt,65,Praha 1,31000
2+kt,62,Praha 6,35000
3+kt,85,Praha 2,36000
1+1,40,Praha 2,21000
1+kt,33,Praha,20000
2+kt,50,Praha 8,22000
2+1,84,Praha 1,32000
3+1,73,Praha 1,36400
5+kt,170,Praha 2,55000
3+kt,152,Praha 6,30000
4+1,125,Praha 1,45000
3+1,85,Praha 2,38000
2+kt,57,Praha,35000
3+kt,84,Praha 1,41000
3+kt,85,Praha 2,38000
3+1,99,Praha 2,49800
2+kt,45,Praha 2,27000
2+1,94,Praha 1,40000
3+kt,93,Praha 2,40000
4+kt,440,Praha 5,140000
2+kt,42,Praha 2,26000
2+kt,38,Praha 2,21000
3+kt,94,Praha 2,46450
3+kt,92,Praha 2,46450
3+kt,107,Praha 2,52000
3+kt,107,Praha 2,55000
1+kt,43,Praha 2,18000
2+1,70,Praha 2,20000
2+kt,68,Praha 5,18500
2+kt,68,Praha 2,25000
3+1,87,Praha 2,30000
3+1,87,Praha 2,30000
2+kt,70,Praha 2,26000
2+kt,43,Praha 6,15000
2+kt,48,Praha 2,24000
2+1,73,Praha 2,23000
3+kt,69,Praha 1,31000
2+kt,50,Praha 8,23500
2+kt,47,Praha 2,30600
2+kt,82,Praha 1,37000
3+kt,104,Praha 6,39000
3+1,103,Praha 2,42000
5+1,275,Praha 6,55000
4+1,184,Praha 1,95000
1+kt,45,Praha 5,17500
4+kt,97,Praha 8,22000
2+kt,60,Praha 8,22500
1+kt,30,Praha 8,17000
2+1,72,Praha 1,25000
2+kt,50,Praha 5,32000
2+kt,38,Praha 2,21000
4+kt,136,Praha 3,93709
2+kt,77,Praha 1,41500
1+kt,30,Praha 5,27500
unusual,104,Praha 6,39000
3+kt,173,Praha 5,
3+kt,60,Praha 9,23000
2+kt,89,Praha 3,40272
4+kt,135,Praha 3,93709
2+kt,48,Praha 8,20700
2+kt,50,Praha 8,22700
3+1,100,Praha 5,42000
3+kt,94,Praha 2,35000
2+kt,45,Praha,22000
4+kt,144,Praha 2,58000
1+kt,44,Praha 5,17500
2+kt,47,Praha 6,23000
2+kt,49,Praha 6,23000
1+kt,40,Praha 3,16000
3+1,103,Praha 2,42000
1+kt,35,Praha 2,21000
1+kt,35,Praha 2,21000
3+kt,80,Praha 2,36000
2+kt,50,Praha 2,28000
4+1,117,Praha 1,85000
2+kt,54,Praha,19000
1+kt,29,Praha 5,25000
3+kt,71,Praha 1,60000
1+1,40,Praha 2,21000
2+1,92,Praha 1,45000
1+kt,35,Praha,21000
5+1,190,Praha 1,95000
3+kt,81,Praha 1,23000
3+1,143,Praha 3,45000
5+1,189,Praha 1,90000
3+1,104,Praha 1,53000
2+kt,75,Praha 2,32000
3+1,94,Praha 1,24000
3+1,100,Praha 2,35000
1+1,34,Praha 2,22000
2+kt,94,Praha 1,40000
2+kt,55,Praha 1,19000
2+kt,38,Praha 2,19800
2+kt,38,Praha 2,19800
3+kt,104,Praha 6,39000
4+kt,155,Praha 1,50000
1+kt,31,Praha 5,27500
1+kt,30,Praha 5,27500
3+kt,72,Praha 2,35000
2+kt,72,Praha 1,29000
1+kt,34,Praha 9,14000
3+1,102,Praha 1,53000
2+kt,34,Praha 2,22000
1+1,40,Praha 2,21000
2+kt,54,Praha 2,27000
3+1,75,Praha 5,23000
1+kt,50,Praha 8,18200
2+1,85,Praha 6,28000
2+kt,229,Praha 5,55000
3+1,104,Praha 1,52000
3+kt,92,Praha 2,38000
5+1,200,Praha 7,60000
1+kt,35,Praha 2,21000
3+1,115,Praha 1,52000
1+kt,35,Praha 2,21000
3+kt,85,Praha 2,36000
5+1,201,Praha 1,90000
3+1,173,Praha 1,85000
3+1,103,Praha 2,45177
4+kt,152,Praha 2,71000
5+kt,222,Praha 6,72000
,236,Praha 4,70000
2+1,65,Praha 8,15980
3+kt,125,Praha 2,44500
1+kt,30,Praha 5,27500
5+kt,250,Praha 3,95000
3+1,92,Praha,21000
4+kt,118,Praha 5,35000
4+kt,92,Praha 4,26000
3+kt,140,Praha 1,75000
4+1,178,Praha 1,45000
2+kt,67,Praha 1,35000
3+kt,73,Praha 6,21000
4+1,180,Praha 2,120000
4+kt,98,Praha 1,65000
5+1,184,Praha 1,95000
3+1,103,Praha 2,39000
3+kt,104,Praha 5,32000
3+kt,93,Praha 2,40000
1+kt,37,Praha,16900
2+kt,42,Praha 2,21000
3+kt,80,Praha 2,36000
4+1,184,Praha 1,100000
4+kt,106,Praha 1,45000
3+1,135,Praha 2,38000
4+kt,142,Praha 3,120815
4+kt,170,Praha 3,120815
4+1,164,Praha 4,59999
3+kt,64,Praha 1,31000
2+kt,55,Praha,23000
1+kt,35,Praha 2,21000
4+kt,137,Praha 3,90611
3+kt,149,Praha 1,65000
1+kt,50,Praha 8,18200
5+1,197,Praha 1,100000
4+kt,440,Praha 5,140000
3+kt,104,Praha 1,48000
3+kt,124,Praha 1,53000
3+1,85,Praha 2,38000
3+kt,130,Praha 1,59000
1+1,39,Praha 5,27500
1+kt,20,Praha 9,8000
3+kt,129,Praha 1,53000
1+kt,35,Praha 2,19000
1+kt,35,Praha 2,21000
1+kt,35,Praha 2,21000
,208,Praha 2,79900
unusual,219,Praha 1,99000
2+kt,60,Praha 2,57700
5+1,197,Praha 1,100000
2+1,55,Praha 5,35000
3+1,84,Praha 1,25990
3+kt,178,Praha 1,
2+kt,60,Praha 2,35000
5+1,180,Praha 2,120000
2+kt,92,Praha 2,35000
1+kt,31,Praha 5,27500
1+kt,30,Praha 5,20000
2+1,94,Praha 1,40000
2+kt,43,Praha 2,67119
2+kt,60,Praha,24000
2+kt,40,Praha 8,18000
2+kt,60,Praha 2,69000
1+kt,33,Praha 2,45000
1+1,42,Praha 5,20000
